period,scenario,brand,market,business_unit,metric,value,unit,provenance
2026-01,actual,MINISO,mainland,MINISO - Chinese Mainland,revenue,1008.595781,RMB millions,synthetic_allocation
2026-01,actual,MINISO,mainland,MINISO - Chinese Mainland,gross_profit,428.809071,RMB millions,synthetic_allocation
2026-01,actual,MINISO,mainland,MINISO - Chinese Mainland,cost_of_sales,579.786710,RMB millions,synthetic_allocation
2026-01,actual,MINISO,mainland,MINISO - Chinese Mainland,operating_expense,297.943385,RMB millions,synthetic_allocation
2026-01,actual,MINISO,mainland,MINISO - Chinese Mainland,operating_profit,130.865686,RMB millions,synthetic_allocation
2026-01,actual,MINISO,mainland,MINISO - Chinese Mainland,average_ticket,91.960000,RMB per transaction,synthetic_allocation
2026-01,actual,MINISO,mainland,MINISO - Chinese Mainland,volume,10.967766,million transactions,calculated
2026-02,actual,MINISO,mainland,MINISO - Chinese Mainland,revenue,874.116344,RMB millions,synthetic_allocation
2026-02,actual,MINISO,mainland,MINISO - Chinese Mainland,gross_profit,371.634529,RMB millions,synthetic_allocation
2026-02,actual,MINISO,mainland,MINISO - Chinese Mainland,cost_of_sales,502.481815,RMB millions,synthetic_allocation
2026-02,actual,MINISO,mainland,MINISO - Chinese Mainland,operating_expense,258.217600,RMB millions,synthetic_allocation
2026-02,actual,MINISO,mainland,MINISO - Chinese Mainland,operating_profit,113.416928,RMB millions,synthetic_allocation
2026-02,actual,MINISO,mainland,MINISO - Chinese Mainland,average_ticket,91.960000,RMB per transaction,synthetic_allocation
2026-02,actual,MINISO,mainland,MINISO - Chinese Mainland,volume,9.505397,million transactions,calculated
2026-03,actual,MINISO,mainland,MINISO - Chinese Mainland,revenue,1075.835500,RMB millions,synthetic_allocation
2026-03,actual,MINISO,mainland,MINISO - Chinese Mainland,gross_profit,457.396343,RMB millions,synthetic_allocation
2026-03,actual,MINISO,mainland,MINISO - Chinese Mainland,cost_of_sales,618.439157,RMB millions,synthetic_allocation
2026-03,actual,MINISO,mainland,MINISO - Chinese Mainland,operating_expense,317.806277,RMB millions,synthetic_allocation
2026-03,actual,MINISO,mainland,MINISO - Chinese Mainland,operating_profit,139.590066,RMB millions,synthetic_allocation
2026-03,actual,MINISO,mainland,MINISO - Chinese Mainland,average_ticket,91.960000,RMB per transaction,synthetic_allocation
2026-03,actual,MINISO,mainland,MINISO - Chinese Mainland,volume,11.698951,million transactions,calculated
2026-04,actual,MINISO,mainland,MINISO - Chinese Mainland,revenue,1075.835500,RMB millions,synthetic_allocation
2026-04,actual,MINISO,mainland,MINISO - Chinese Mainland,gross_profit,457.396343,RMB millions,synthetic_allocation
2026-04,actual,MINISO,mainland,MINISO - Chinese Mainland,cost_of_sales,618.439157,RMB millions,synthetic_allocation
2026-04,actual,MINISO,mainland,MINISO - Chinese Mainland,operating_expense,317.806277,RMB millions,synthetic_allocation
2026-04,actual,MINISO,mainland,MINISO - Chinese Mainland,operating_profit,139.590066,RMB millions,synthetic_allocation
2026-04,actual,MINISO,mainland,MINISO - Chinese Mainland,average_ticket,91.960000,RMB per transaction,synthetic_allocation
2026-04,actual,MINISO,mainland,MINISO - Chinese Mainland,volume,11.698951,million transactions,calculated
2026-05,actual,MINISO,mainland,MINISO - Chinese Mainland,revenue,1143.075219,RMB millions,synthetic_allocation
2026-05,actual,MINISO,mainland,MINISO - Chinese Mainland,gross_profit,485.983614,RMB millions,synthetic_allocation
2026-05,actual,MINISO,mainland,MINISO - Chinese Mainland,cost_of_sales,657.091605,RMB millions,synthetic_allocation
2026-05,actual,MINISO,mainland,MINISO - Chinese Mainland,operating_expense,337.669170,RMB millions,synthetic_allocation
2026-05,actual,MINISO,mainland,MINISO - Chinese Mainland,operating_profit,148.314445,RMB millions,synthetic_allocation
2026-05,actual,MINISO,mainland,MINISO - Chinese Mainland,average_ticket,91.960000,RMB per transaction,synthetic_allocation
2026-05,actual,MINISO,mainland,MINISO - Chinese Mainland,volume,12.430135,million transactions,calculated
2026-06,actual,MINISO,mainland,MINISO - Chinese Mainland,revenue,1277.554656,RMB millions,synthetic_allocation
2026-06,actual,MINISO,mainland,MINISO - Chinese Mainland,gross_profit,543.158157,RMB millions,synthetic_allocation
2026-06,actual,MINISO,mainland,MINISO - Chinese Mainland,cost_of_sales,734.396499,RMB millions,synthetic_allocation
2026-06,actual,MINISO,mainland,MINISO - Chinese Mainland,operating_expense,377.394954,RMB millions,synthetic_allocation
2026-06,actual,MINISO,mainland,MINISO - Chinese Mainland,operating_profit,165.763203,RMB millions,synthetic_allocation
2026-06,actual,MINISO,mainland,MINISO - Chinese Mainland,average_ticket,91.960000,RMB per transaction,synthetic_allocation
2026-06,actual,MINISO,mainland,MINISO - Chinese Mainland,volume,13.892504,million transactions,calculated
2026-01,budget,MINISO,mainland,MINISO - Chinese Mainland,revenue,964.601768,RMB millions,synthetic_plan
2026-01,budget,MINISO,mainland,MINISO - Chinese Mainland,gross_profit,419.601769,RMB millions,synthetic_plan
2026-01,budget,MINISO,mainland,MINISO - Chinese Mainland,cost_of_sales,544.999999,RMB millions,synthetic_plan
2026-01,budget,MINISO,mainland,MINISO - Chinese Mainland,operating_expense,284.557521,RMB millions,synthetic_plan
2026-01,budget,MINISO,mainland,MINISO - Chinese Mainland,operating_profit,135.044247,RMB millions,synthetic_plan
2026-01,budget,MINISO,mainland,MINISO - Chinese Mainland,average_ticket,95.000000,RMB per transaction,synthetic_plan
2026-01,budget,MINISO,mainland,MINISO - Chinese Mainland,volume,10.153703,million transactions,calculated
2026-02,budget,MINISO,mainland,MINISO - Chinese Mainland,revenue,835.988199,RMB millions,synthetic_plan
2026-02,budget,MINISO,mainland,MINISO - Chinese Mainland,gross_profit,363.654866,RMB millions,synthetic_plan
2026-02,budget,MINISO,mainland,MINISO - Chinese Mainland,cost_of_sales,472.333332,RMB millions,synthetic_plan
2026-02,budget,MINISO,mainland,MINISO - Chinese Mainland,operating_expense,246.616519,RMB millions,synthetic_plan
2026-02,budget,MINISO,mainland,MINISO - Chinese Mainland,operating_profit,117.038348,RMB millions,synthetic_plan
2026-02,budget,MINISO,mainland,MINISO - Chinese Mainland,average_ticket,95.000000,RMB per transaction,synthetic_plan
2026-02,budget,MINISO,mainland,MINISO - Chinese Mainland,volume,8.799876,million transactions,calculated
2026-03,budget,MINISO,mainland,MINISO - Chinese Mainland,revenue,1028.908552,RMB millions,synthetic_plan
2026-03,budget,MINISO,mainland,MINISO - Chinese Mainland,gross_profit,447.575220,RMB millions,synthetic_plan
2026-03,budget,MINISO,mainland,MINISO - Chinese Mainland,cost_of_sales,581.333332,RMB millions,synthetic_plan
2026-03,budget,MINISO,mainland,MINISO - Chinese Mainland,operating_expense,303.528023,RMB millions,synthetic_plan
2026-03,budget,MINISO,mainland,MINISO - Chinese Mainland,operating_profit,144.047197,RMB millions,synthetic_plan
2026-03,budget,MINISO,mainland,MINISO - Chinese Mainland,average_ticket,95.000000,RMB per transaction,synthetic_plan
2026-03,budget,MINISO,mainland,MINISO - Chinese Mainland,volume,10.830616,million transactions,calculated
2026-04,budget,MINISO,mainland,MINISO - Chinese Mainland,revenue,1028.908552,RMB millions,synthetic_plan
2026-04,budget,MINISO,mainland,MINISO - Chinese Mainland,gross_profit,447.575220,RMB millions,synthetic_plan
2026-04,budget,MINISO,mainland,MINISO - Chinese Mainland,cost_of_sales,581.333332,RMB millions,synthetic_plan
2026-04,budget,MINISO,mainland,MINISO - Chinese Mainland,operating_expense,303.528023,RMB millions,synthetic_plan
2026-04,budget,MINISO,mainland,MINISO - Chinese Mainland,operating_profit,144.047197,RMB millions,synthetic_plan
2026-04,budget,MINISO,mainland,MINISO - Chinese Mainland,average_ticket,95.000000,RMB per transaction,synthetic_plan
2026-04,budget,MINISO,mainland,MINISO - Chinese Mainland,volume,10.830616,million transactions,calculated
2026-05,budget,MINISO,mainland,MINISO - Chinese Mainland,revenue,1093.215337,RMB millions,synthetic_plan
2026-05,budget,MINISO,mainland,MINISO - Chinese Mainland,gross_profit,475.548671,RMB millions,synthetic_plan
2026-05,budget,MINISO,mainland,MINISO - Chinese Mainland,cost_of_sales,617.666665,RMB millions,synthetic_plan
2026-05,budget,MINISO,mainland,MINISO - Chinese Mainland,operating_expense,322.498524,RMB millions,synthetic_plan
2026-05,budget,MINISO,mainland,MINISO - Chinese Mainland,operating_profit,153.050147,RMB millions,synthetic_plan
2026-05,budget,MINISO,mainland,MINISO - Chinese Mainland,average_ticket,95.000000,RMB per transaction,synthetic_plan
2026-05,budget,MINISO,mainland,MINISO - Chinese Mainland,volume,11.507530,million transactions,calculated
2026-06,budget,MINISO,mainland,MINISO - Chinese Mainland,revenue,1221.828906,RMB millions,synthetic_plan
2026-06,budget,MINISO,mainland,MINISO - Chinese Mainland,gross_profit,531.495574,RMB millions,synthetic_plan
2026-06,budget,MINISO,mainland,MINISO - Chinese Mainland,cost_of_sales,690.333332,RMB millions,synthetic_plan
2026-06,budget,MINISO,mainland,MINISO - Chinese Mainland,operating_expense,360.439527,RMB millions,synthetic_plan
2026-06,budget,MINISO,mainland,MINISO - Chinese Mainland,operating_profit,171.056047,RMB millions,synthetic_plan
2026-06,budget,MINISO,mainland,MINISO - Chinese Mainland,average_ticket,95.000000,RMB per transaction,synthetic_plan
2026-06,budget,MINISO,mainland,MINISO - Chinese Mainland,volume,12.861357,million transactions,calculated
2026-07,budget,MINISO,mainland,MINISO - Chinese Mainland,revenue,1028.908552,RMB millions,synthetic_plan
2026-07,budget,MINISO,mainland,MINISO - Chinese Mainland,gross_profit,447.575220,RMB millions,synthetic_plan
2026-07,budget,MINISO,mainland,MINISO - Chinese Mainland,cost_of_sales,581.333332,RMB millions,synthetic_plan
2026-07,budget,MINISO,mainland,MINISO - Chinese Mainland,operating_expense,303.528023,RMB millions,synthetic_plan
2026-07,budget,MINISO,mainland,MINISO - Chinese Mainland,operating_profit,144.047197,RMB millions,synthetic_plan
2026-07,budget,MINISO,mainland,MINISO - Chinese Mainland,average_ticket,95.000000,RMB per transaction,synthetic_plan
2026-07,budget,MINISO,mainland,MINISO - Chinese Mainland,volume,10.830616,million transactions,calculated
2026-08,budget,MINISO,mainland,MINISO - Chinese Mainland,revenue,1028.908552,RMB millions,synthetic_plan
2026-08,budget,MINISO,mainland,MINISO - Chinese Mainland,gross_profit,447.575220,RMB millions,synthetic_plan
2026-08,budget,MINISO,mainland,MINISO - Chinese Mainland,cost_of_sales,581.333332,RMB millions,synthetic_plan
2026-08,budget,MINISO,mainland,MINISO - Chinese Mainland,operating_expense,303.528023,RMB millions,synthetic_plan
2026-08,budget,MINISO,mainland,MINISO - Chinese Mainland,operating_profit,144.047197,RMB millions,synthetic_plan
2026-08,budget,MINISO,mainland,MINISO - Chinese Mainland,average_ticket,95.000000,RMB per transaction,synthetic_plan
2026-08,budget,MINISO,mainland,MINISO - Chinese Mainland,volume,10.830616,million transactions,calculated
2026-09,budget,MINISO,mainland,MINISO - Chinese Mainland,revenue,1221.828906,RMB millions,synthetic_plan
2026-09,budget,MINISO,mainland,MINISO - Chinese Mainland,gross_profit,531.495574,RMB millions,synthetic_plan
2026-09,budget,MINISO,mainland,MINISO - Chinese Mainland,cost_of_sales,690.333332,RMB millions,synthetic_plan
2026-09,budget,MINISO,mainland,MINISO - Chinese Mainland,operating_expense,360.439527,RMB millions,synthetic_plan
2026-09,budget,MINISO,mainland,MINISO - Chinese Mainland,operating_profit,171.056047,RMB millions,synthetic_plan
2026-09,budget,MINISO,mainland,MINISO - Chinese Mainland,average_ticket,95.000000,RMB per transaction,synthetic_plan
2026-09,budget,MINISO,mainland,MINISO - Chinese Mainland,volume,12.861357,million transactions,calculated
2026-10,budget,MINISO,mainland,MINISO - Chinese Mainland,revenue,1028.908552,RMB millions,synthetic_plan
2026-10,budget,MINISO,mainland,MINISO - Chinese Mainland,gross_profit,447.575220,RMB millions,synthetic_plan
2026-10,budget,MINISO,mainland,MINISO - Chinese Mainland,cost_of_sales,581.333332,RMB millions,synthetic_plan
2026-10,budget,MINISO,mainland,MINISO - Chinese Mainland,operating_expense,303.528023,RMB millions,synthetic_plan
2026-10,budget,MINISO,mainland,MINISO - Chinese Mainland,operating_profit,144.047197,RMB millions,synthetic_plan
2026-10,budget,MINISO,mainland,MINISO - Chinese Mainland,average_ticket,95.000000,RMB per transaction,synthetic_plan
2026-10,budget,MINISO,mainland,MINISO - Chinese Mainland,volume,10.830616,million transactions,calculated
2026-11,budget,MINISO,mainland,MINISO - Chinese Mainland,revenue,1093.215337,RMB millions,synthetic_plan
2026-11,budget,MINISO,mainland,MINISO - Chinese Mainland,gross_profit,475.548671,RMB millions,synthetic_plan
2026-11,budget,MINISO,mainland,MINISO - Chinese Mainland,cost_of_sales,617.666665,RMB millions,synthetic_plan
2026-11,budget,MINISO,mainland,MINISO - Chinese Mainland,operating_expense,322.498524,RMB millions,synthetic_plan
2026-11,budget,MINISO,mainland,MINISO - Chinese Mainland,operating_profit,153.050147,RMB millions,synthetic_plan
2026-11,budget,MINISO,mainland,MINISO - Chinese Mainland,average_ticket,95.000000,RMB per transaction,synthetic_plan
2026-11,budget,MINISO,mainland,MINISO - Chinese Mainland,volume,11.507530,million transactions,calculated
2026-12,budget,MINISO,mainland,MINISO - Chinese Mainland,revenue,1286.135690,RMB millions,synthetic_plan
2026-12,budget,MINISO,mainland,MINISO - Chinese Mainland,gross_profit,559.469025,RMB millions,synthetic_plan
2026-12,budget,MINISO,mainland,MINISO - Chinese Mainland,cost_of_sales,726.666665,RMB millions,synthetic_plan
2026-12,budget,MINISO,mainland,MINISO - Chinese Mainland,operating_expense,379.410029,RMB millions,synthetic_plan
2026-12,budget,MINISO,mainland,MINISO - Chinese Mainland,operating_profit,180.058997,RMB millions,synthetic_plan
2026-12,budget,MINISO,mainland,MINISO - Chinese Mainland,average_ticket,95.000000,RMB per transaction,synthetic_plan
2026-12,budget,MINISO,mainland,MINISO - Chinese Mainland,volume,13.538270,million transactions,calculated
2026-01,forecast,MINISO,mainland,MINISO - Chinese Mainland,revenue,1008.595781,RMB millions,calculated
2026-01,forecast,MINISO,mainland,MINISO - Chinese Mainland,gross_profit,428.809071,RMB millions,calculated
2026-01,forecast,MINISO,mainland,MINISO - Chinese Mainland,cost_of_sales,579.786710,RMB millions,calculated
2026-01,forecast,MINISO,mainland,MINISO - Chinese Mainland,operating_expense,297.943385,RMB millions,calculated
2026-01,forecast,MINISO,mainland,MINISO - Chinese Mainland,operating_profit,130.865686,RMB millions,calculated
2026-01,forecast,MINISO,mainland,MINISO - Chinese Mainland,average_ticket,91.960000,RMB per transaction,calculated
2026-01,forecast,MINISO,mainland,MINISO - Chinese Mainland,volume,10.967766,million transactions,calculated
2026-02,forecast,MINISO,mainland,MINISO - Chinese Mainland,revenue,874.116344,RMB millions,calculated
2026-02,forecast,MINISO,mainland,MINISO - Chinese Mainland,gross_profit,371.634529,RMB millions,calculated
2026-02,forecast,MINISO,mainland,MINISO - Chinese Mainland,cost_of_sales,502.481815,RMB millions,calculated
2026-02,forecast,MINISO,mainland,MINISO - Chinese Mainland,operating_expense,258.217600,RMB millions,calculated
2026-02,forecast,MINISO,mainland,MINISO - Chinese Mainland,operating_profit,113.416928,RMB millions,calculated
2026-02,forecast,MINISO,mainland,MINISO - Chinese Mainland,average_ticket,91.960000,RMB per transaction,calculated
2026-02,forecast,MINISO,mainland,MINISO - Chinese Mainland,volume,9.505397,million transactions,calculated
2026-03,forecast,MINISO,mainland,MINISO - Chinese Mainland,revenue,1075.835500,RMB millions,calculated
2026-03,forecast,MINISO,mainland,MINISO - Chinese Mainland,gross_profit,457.396343,RMB millions,calculated
2026-03,forecast,MINISO,mainland,MINISO - Chinese Mainland,cost_of_sales,618.439157,RMB millions,calculated
2026-03,forecast,MINISO,mainland,MINISO - Chinese Mainland,operating_expense,317.806277,RMB millions,calculated
2026-03,forecast,MINISO,mainland,MINISO - Chinese Mainland,operating_profit,139.590066,RMB millions,calculated
2026-03,forecast,MINISO,mainland,MINISO - Chinese Mainland,average_ticket,91.960000,RMB per transaction,calculated
2026-03,forecast,MINISO,mainland,MINISO - Chinese Mainland,volume,11.698951,million transactions,calculated
2026-04,forecast,MINISO,mainland,MINISO - Chinese Mainland,revenue,1075.835500,RMB millions,calculated
2026-04,forecast,MINISO,mainland,MINISO - Chinese Mainland,gross_profit,457.396343,RMB millions,calculated
2026-04,forecast,MINISO,mainland,MINISO - Chinese Mainland,cost_of_sales,618.439157,RMB millions,calculated
2026-04,forecast,MINISO,mainland,MINISO - Chinese Mainland,operating_expense,317.806277,RMB millions,calculated
2026-04,forecast,MINISO,mainland,MINISO - Chinese Mainland,operating_profit,139.590066,RMB millions,calculated
2026-04,forecast,MINISO,mainland,MINISO - Chinese Mainland,average_ticket,91.960000,RMB per transaction,calculated
2026-04,forecast,MINISO,mainland,MINISO - Chinese Mainland,volume,11.698951,million transactions,calculated
2026-05,forecast,MINISO,mainland,MINISO - Chinese Mainland,revenue,1143.075219,RMB millions,calculated
2026-05,forecast,MINISO,mainland,MINISO - Chinese Mainland,gross_profit,485.983614,RMB millions,calculated
2026-05,forecast,MINISO,mainland,MINISO - Chinese Mainland,cost_of_sales,657.091605,RMB millions,calculated
2026-05,forecast,MINISO,mainland,MINISO - Chinese Mainland,operating_expense,337.669170,RMB millions,calculated
2026-05,forecast,MINISO,mainland,MINISO - Chinese Mainland,operating_profit,148.314445,RMB millions,calculated
2026-05,forecast,MINISO,mainland,MINISO - Chinese Mainland,average_ticket,91.960000,RMB per transaction,calculated
2026-05,forecast,MINISO,mainland,MINISO - Chinese Mainland,volume,12.430135,million transactions,calculated
2026-06,forecast,MINISO,mainland,MINISO - Chinese Mainland,revenue,1277.554656,RMB millions,calculated
2026-06,forecast,MINISO,mainland,MINISO - Chinese Mainland,gross_profit,543.158157,RMB millions,calculated
2026-06,forecast,MINISO,mainland,MINISO - Chinese Mainland,cost_of_sales,734.396499,RMB millions,calculated
2026-06,forecast,MINISO,mainland,MINISO - Chinese Mainland,operating_expense,377.394954,RMB millions,calculated
2026-06,forecast,MINISO,mainland,MINISO - Chinese Mainland,operating_profit,165.763203,RMB millions,calculated
2026-06,forecast,MINISO,mainland,MINISO - Chinese Mainland,average_ticket,91.960000,RMB per transaction,calculated
2026-06,forecast,MINISO,mainland,MINISO - Chinese Mainland,volume,13.892504,million transactions,calculated
2026-07,forecast,MINISO,mainland,MINISO - Chinese Mainland,revenue,1059.775809,RMB millions,synthetic_plan
2026-07,forecast,MINISO,mainland,MINISO - Chinese Mainland,gross_profit,461.002477,RMB millions,synthetic_plan
2026-07,forecast,MINISO,mainland,MINISO - Chinese Mainland,cost_of_sales,598.773332,RMB millions,synthetic_plan
2026-07,forecast,MINISO,mainland,MINISO - Chinese Mainland,operating_expense,312.633864,RMB millions,synthetic_plan
2026-07,forecast,MINISO,mainland,MINISO - Chinese Mainland,operating_profit,148.368613,RMB millions,synthetic_plan
2026-07,forecast,MINISO,mainland,MINISO - Chinese Mainland,average_ticket,95.000000,RMB per transaction,synthetic_plan
2026-07,forecast,MINISO,mainland,MINISO - Chinese Mainland,volume,11.155535,million transactions,calculated
2026-08,forecast,MINISO,mainland,MINISO - Chinese Mainland,revenue,1059.775809,RMB millions,synthetic_plan
2026-08,forecast,MINISO,mainland,MINISO - Chinese Mainland,gross_profit,461.002477,RMB millions,synthetic_plan
2026-08,forecast,MINISO,mainland,MINISO - Chinese Mainland,cost_of_sales,598.773332,RMB millions,synthetic_plan
2026-08,forecast,MINISO,mainland,MINISO - Chinese Mainland,operating_expense,312.633864,RMB millions,synthetic_plan
2026-08,forecast,MINISO,mainland,MINISO - Chinese Mainland,operating_profit,148.368613,RMB millions,synthetic_plan
2026-08,forecast,MINISO,mainland,MINISO - Chinese Mainland,average_ticket,95.000000,RMB per transaction,synthetic_plan
2026-08,forecast,MINISO,mainland,MINISO - Chinese Mainland,volume,11.155535,million transactions,calculated
2026-09,forecast,MINISO,mainland,MINISO - Chinese Mainland,revenue,1258.483773,RMB millions,synthetic_plan
2026-09,forecast,MINISO,mainland,MINISO - Chinese Mainland,gross_profit,547.440441,RMB millions,synthetic_plan
2026-09,forecast,MINISO,mainland,MINISO - Chinese Mainland,cost_of_sales,711.043332,RMB millions,synthetic_plan
2026-09,forecast,MINISO,mainland,MINISO - Chinese Mainland,operating_expense,371.252713,RMB millions,synthetic_plan
2026-09,forecast,MINISO,mainland,MINISO - Chinese Mainland,operating_profit,176.187728,RMB millions,synthetic_plan
2026-09,forecast,MINISO,mainland,MINISO - Chinese Mainland,average_ticket,95.000000,RMB per transaction,synthetic_plan
2026-09,forecast,MINISO,mainland,MINISO - Chinese Mainland,volume,13.247198,million transactions,calculated
2026-10,forecast,MINISO,mainland,MINISO - Chinese Mainland,revenue,1059.775809,RMB millions,synthetic_plan
2026-10,forecast,MINISO,mainland,MINISO - Chinese Mainland,gross_profit,461.002477,RMB millions,synthetic_plan
2026-10,forecast,MINISO,mainland,MINISO - Chinese Mainland,cost_of_sales,598.773332,RMB millions,synthetic_plan
2026-10,forecast,MINISO,mainland,MINISO - Chinese Mainland,operating_expense,312.633864,RMB millions,synthetic_plan
2026-10,forecast,MINISO,mainland,MINISO - Chinese Mainland,operating_profit,148.368613,RMB millions,synthetic_plan
2026-10,forecast,MINISO,mainland,MINISO - Chinese Mainland,average_ticket,95.000000,RMB per transaction,synthetic_plan
2026-10,forecast,MINISO,mainland,MINISO - Chinese Mainland,volume,11.155535,million transactions,calculated
2026-11,forecast,MINISO,mainland,MINISO - Chinese Mainland,revenue,1126.011797,RMB millions,synthetic_plan
2026-11,forecast,MINISO,mainland,MINISO - Chinese Mainland,gross_profit,489.815132,RMB millions,synthetic_plan
2026-11,forecast,MINISO,mainland,MINISO - Chinese Mainland,cost_of_sales,636.196665,RMB millions,synthetic_plan
2026-11,forecast,MINISO,mainland,MINISO - Chinese Mainland,operating_expense,332.173480,RMB millions,synthetic_plan
2026-11,forecast,MINISO,mainland,MINISO - Chinese Mainland,operating_profit,157.641652,RMB millions,synthetic_plan
2026-11,forecast,MINISO,mainland,MINISO - Chinese Mainland,average_ticket,95.000000,RMB per transaction,synthetic_plan
2026-11,forecast,MINISO,mainland,MINISO - Chinese Mainland,volume,11.852756,million transactions,calculated
2026-12,forecast,MINISO,mainland,MINISO - Chinese Mainland,revenue,1324.719761,RMB millions,synthetic_plan
2026-12,forecast,MINISO,mainland,MINISO - Chinese Mainland,gross_profit,576.253096,RMB millions,synthetic_plan
2026-12,forecast,MINISO,mainland,MINISO - Chinese Mainland,cost_of_sales,748.466665,RMB millions,synthetic_plan
2026-12,forecast,MINISO,mainland,MINISO - Chinese Mainland,operating_expense,390.792329,RMB millions,synthetic_plan
2026-12,forecast,MINISO,mainland,MINISO - Chinese Mainland,operating_profit,185.460766,RMB millions,synthetic_plan
2026-12,forecast,MINISO,mainland,MINISO - Chinese Mainland,average_ticket,95.000000,RMB per transaction,synthetic_plan
2026-12,forecast,MINISO,mainland,MINISO - Chinese Mainland,volume,13.944419,million transactions,calculated
2026-01,prior_year,MINISO,mainland,MINISO - Chinese Mainland,revenue,799.537031,RMB millions,synthetic_allocation
2026-01,prior_year,MINISO,mainland,MINISO - Chinese Mainland,gross_profit,339.288228,RMB millions,synthetic_allocation
2026-01,prior_year,MINISO,mainland,MINISO - Chinese Mainland,cost_of_sales,460.248803,RMB millions,synthetic_allocation
2026-01,prior_year,MINISO,mainland,MINISO - Chinese Mainland,operating_expense,219.832207,RMB millions,synthetic_allocation
2026-01,prior_year,MINISO,mainland,MINISO - Chinese Mainland,operating_profit,119.456021,RMB millions,synthetic_allocation
2026-01,prior_year,MINISO,mainland,MINISO - Chinese Mainland,average_ticket,91.200000,RMB per transaction,synthetic_allocation
2026-01,prior_year,MINISO,mainland,MINISO - Chinese Mainland,volume,8.766853,million transactions,calculated
2026-02,prior_year,MINISO,mainland,MINISO - Chinese Mainland,revenue,692.932094,RMB millions,synthetic_allocation
2026-02,prior_year,MINISO,mainland,MINISO - Chinese Mainland,gross_profit,294.049798,RMB millions,synthetic_allocation
2026-02,prior_year,MINISO,mainland,MINISO - Chinese Mainland,cost_of_sales,398.882296,RMB millions,synthetic_allocation
2026-02,prior_year,MINISO,mainland,MINISO - Chinese Mainland,operating_expense,190.521246,RMB millions,synthetic_allocation
2026-02,prior_year,MINISO,mainland,MINISO - Chinese Mainland,operating_profit,103.528552,RMB millions,synthetic_allocation
2026-02,prior_year,MINISO,mainland,MINISO - Chinese Mainland,average_ticket,91.200000,RMB per transaction,synthetic_allocation
2026-02,prior_year,MINISO,mainland,MINISO - Chinese Mainland,volume,7.597940,million transactions,calculated
2026-03,prior_year,MINISO,mainland,MINISO - Chinese Mainland,revenue,852.839500,RMB millions,synthetic_allocation
2026-03,prior_year,MINISO,mainland,MINISO - Chinese Mainland,gross_profit,361.907444,RMB millions,synthetic_allocation
2026-03,prior_year,MINISO,mainland,MINISO - Chinese Mainland,cost_of_sales,490.932056,RMB millions,synthetic_allocation
2026-03,prior_year,MINISO,mainland,MINISO - Chinese Mainland,operating_expense,234.487688,RMB millions,synthetic_allocation
2026-03,prior_year,MINISO,mainland,MINISO - Chinese Mainland,operating_profit,127.419756,RMB millions,synthetic_allocation
2026-03,prior_year,MINISO,mainland,MINISO - Chinese Mainland,average_ticket,91.200000,RMB per transaction,synthetic_allocation
2026-03,prior_year,MINISO,mainland,MINISO - Chinese Mainland,volume,9.351310,million transactions,calculated
2026-04,prior_year,MINISO,mainland,MINISO - Chinese Mainland,revenue,852.839500,RMB millions,synthetic_allocation
2026-04,prior_year,MINISO,mainland,MINISO - Chinese Mainland,gross_profit,361.907444,RMB millions,synthetic_allocation
2026-04,prior_year,MINISO,mainland,MINISO - Chinese Mainland,cost_of_sales,490.932056,RMB millions,synthetic_allocation
2026-04,prior_year,MINISO,mainland,MINISO - Chinese Mainland,operating_expense,234.487688,RMB millions,synthetic_allocation
2026-04,prior_year,MINISO,mainland,MINISO - Chinese Mainland,operating_profit,127.419756,RMB millions,synthetic_allocation
2026-04,prior_year,MINISO,mainland,MINISO - Chinese Mainland,average_ticket,91.200000,RMB per transaction,synthetic_allocation
2026-04,prior_year,MINISO,mainland,MINISO - Chinese Mainland,volume,9.351310,million transactions,calculated
2026-05,prior_year,MINISO,mainland,MINISO - Chinese Mainland,revenue,906.141969,RMB millions,synthetic_allocation
2026-05,prior_year,MINISO,mainland,MINISO - Chinese Mainland,gross_profit,384.526659,RMB millions,synthetic_allocation
2026-05,prior_year,MINISO,mainland,MINISO - Chinese Mainland,cost_of_sales,521.615310,RMB millions,synthetic_allocation
2026-05,prior_year,MINISO,mainland,MINISO - Chinese Mainland,operating_expense,249.143168,RMB millions,synthetic_allocation
2026-05,prior_year,MINISO,mainland,MINISO - Chinese Mainland,operating_profit,135.383491,RMB millions,synthetic_allocation
2026-05,prior_year,MINISO,mainland,MINISO - Chinese Mainland,average_ticket,91.200000,RMB per transaction,synthetic_allocation
2026-05,prior_year,MINISO,mainland,MINISO - Chinese Mainland,volume,9.935767,million transactions,calculated
2026-06,prior_year,MINISO,mainland,MINISO - Chinese Mainland,revenue,1012.746906,RMB millions,synthetic_allocation
2026-06,prior_year,MINISO,mainland,MINISO - Chinese Mainland,gross_profit,429.765089,RMB millions,synthetic_allocation
2026-06,prior_year,MINISO,mainland,MINISO - Chinese Mainland,cost_of_sales,582.981817,RMB millions,synthetic_allocation
2026-06,prior_year,MINISO,mainland,MINISO - Chinese Mainland,operating_expense,278.454129,RMB millions,synthetic_allocation
2026-06,prior_year,MINISO,mainland,MINISO - Chinese Mainland,operating_profit,151.310960,RMB millions,synthetic_allocation
2026-06,prior_year,MINISO,mainland,MINISO - Chinese Mainland,average_ticket,91.200000,RMB per transaction,synthetic_allocation
2026-06,prior_year,MINISO,mainland,MINISO - Chinese Mainland,volume,11.104681,million transactions,calculated
2026-07,prior_year,MINISO,mainland,MINISO - Chinese Mainland,revenue,889.602769,RMB millions,synthetic_allocation
2026-07,prior_year,MINISO,mainland,MINISO - Chinese Mainland,gross_profit,386.817955,RMB millions,synthetic_allocation
2026-07,prior_year,MINISO,mainland,MINISO - Chinese Mainland,cost_of_sales,502.784814,RMB millions,synthetic_allocation
2026-07,prior_year,MINISO,mainland,MINISO - Chinese Mainland,operating_expense,271.792585,RMB millions,synthetic_allocation
2026-07,prior_year,MINISO,mainland,MINISO - Chinese Mainland,operating_profit,115.025370,RMB millions,synthetic_allocation
2026-07,prior_year,MINISO,mainland,MINISO - Chinese Mainland,average_ticket,91.200000,RMB per transaction,synthetic_allocation
2026-07,prior_year,MINISO,mainland,MINISO - Chinese Mainland,volume,9.754416,million transactions,calculated
2026-08,prior_year,MINISO,mainland,MINISO - Chinese Mainland,revenue,889.602769,RMB millions,synthetic_allocation
2026-08,prior_year,MINISO,mainland,MINISO - Chinese Mainland,gross_profit,386.817955,RMB millions,synthetic_allocation
2026-08,prior_year,MINISO,mainland,MINISO - Chinese Mainland,cost_of_sales,502.784814,RMB millions,synthetic_allocation
2026-08,prior_year,MINISO,mainland,MINISO - Chinese Mainland,operating_expense,271.792585,RMB millions,synthetic_allocation
2026-08,prior_year,MINISO,mainland,MINISO - Chinese Mainland,operating_profit,115.025370,RMB millions,synthetic_allocation
2026-08,prior_year,MINISO,mainland,MINISO - Chinese Mainland,average_ticket,91.200000,RMB per transaction,synthetic_allocation
2026-08,prior_year,MINISO,mainland,MINISO - Chinese Mainland,volume,9.754416,million transactions,calculated
2026-09,prior_year,MINISO,mainland,MINISO - Chinese Mainland,revenue,1056.403288,RMB millions,synthetic_allocation
2026-09,prior_year,MINISO,mainland,MINISO - Chinese Mainland,gross_profit,459.346321,RMB millions,synthetic_allocation
2026-09,prior_year,MINISO,mainland,MINISO - Chinese Mainland,cost_of_sales,597.056967,RMB millions,synthetic_allocation
2026-09,prior_year,MINISO,mainland,MINISO - Chinese Mainland,operating_expense,322.753695,RMB millions,synthetic_allocation
2026-09,prior_year,MINISO,mainland,MINISO - Chinese Mainland,operating_profit,136.592627,RMB millions,synthetic_allocation
2026-09,prior_year,MINISO,mainland,MINISO - Chinese Mainland,average_ticket,91.200000,RMB per transaction,synthetic_allocation
2026-09,prior_year,MINISO,mainland,MINISO - Chinese Mainland,volume,11.583369,million transactions,calculated
2026-10,prior_year,MINISO,mainland,MINISO - Chinese Mainland,revenue,889.602769,RMB millions,synthetic_allocation
2026-10,prior_year,MINISO,mainland,MINISO - Chinese Mainland,gross_profit,386.817955,RMB millions,synthetic_allocation
2026-10,prior_year,MINISO,mainland,MINISO - Chinese Mainland,cost_of_sales,502.784814,RMB millions,synthetic_allocation
2026-10,prior_year,MINISO,mainland,MINISO - Chinese Mainland,operating_expense,271.792585,RMB millions,synthetic_allocation
2026-10,prior_year,MINISO,mainland,MINISO - Chinese Mainland,operating_profit,115.025370,RMB millions,synthetic_allocation
2026-10,prior_year,MINISO,mainland,MINISO - Chinese Mainland,average_ticket,91.200000,RMB per transaction,synthetic_allocation
2026-10,prior_year,MINISO,mainland,MINISO - Chinese Mainland,volume,9.754416,million transactions,calculated
2026-11,prior_year,MINISO,mainland,MINISO - Chinese Mainland,revenue,945.202942,RMB millions,synthetic_allocation
2026-11,prior_year,MINISO,mainland,MINISO - Chinese Mainland,gross_profit,410.994077,RMB millions,synthetic_allocation
2026-11,prior_year,MINISO,mainland,MINISO - Chinese Mainland,cost_of_sales,534.208865,RMB millions,synthetic_allocation
2026-11,prior_year,MINISO,mainland,MINISO - Chinese Mainland,operating_expense,288.779621,RMB millions,synthetic_allocation
2026-11,prior_year,MINISO,mainland,MINISO - Chinese Mainland,operating_profit,122.214456,RMB millions,synthetic_allocation
2026-11,prior_year,MINISO,mainland,MINISO - Chinese Mainland,average_ticket,91.200000,RMB per transaction,synthetic_allocation
2026-11,prior_year,MINISO,mainland,MINISO - Chinese Mainland,volume,10.364067,million transactions,calculated
2026-12,prior_year,MINISO,mainland,MINISO - Chinese Mainland,revenue,1112.003462,RMB millions,synthetic_allocation
2026-12,prior_year,MINISO,mainland,MINISO - Chinese Mainland,gross_profit,483.522444,RMB millions,synthetic_allocation
2026-12,prior_year,MINISO,mainland,MINISO - Chinese Mainland,cost_of_sales,628.481018,RMB millions,synthetic_allocation
2026-12,prior_year,MINISO,mainland,MINISO - Chinese Mainland,operating_expense,339.740731,RMB millions,synthetic_allocation
2026-12,prior_year,MINISO,mainland,MINISO - Chinese Mainland,operating_profit,143.781713,RMB millions,synthetic_allocation
2026-12,prior_year,MINISO,mainland,MINISO - Chinese Mainland,average_ticket,91.200000,RMB per transaction,synthetic_allocation
2026-12,prior_year,MINISO,mainland,MINISO - Chinese Mainland,volume,12.193020,million transactions,calculated
2026-01,actual,MINISO,overseas,MINISO - Overseas,revenue,634.260937,RMB millions,synthetic_allocation
2026-01,actual,MINISO,overseas,MINISO - Overseas,gross_profit,292.130491,RMB millions,synthetic_allocation
2026-01,actual,MINISO,overseas,MINISO - Overseas,cost_of_sales,342.130447,RMB millions,synthetic_allocation
2026-01,actual,MINISO,overseas,MINISO - Overseas,operating_expense,193.375773,RMB millions,synthetic_allocation
2026-01,actual,MINISO,overseas,MINISO - Overseas,operating_profit,98.754718,RMB millions,synthetic_allocation
2026-01,actual,MINISO,overseas,MINISO - Overseas,average_ticket,149.930000,RMB per transaction,synthetic_allocation
2026-01,actual,MINISO,overseas,MINISO - Overseas,volume,4.230380,million transactions,calculated
2026-02,actual,MINISO,overseas,MINISO - Overseas,revenue,549.692813,RMB millions,synthetic_allocation
2026-02,actual,MINISO,overseas,MINISO - Overseas,gross_profit,253.179759,RMB millions,synthetic_allocation
2026-02,actual,MINISO,overseas,MINISO - Overseas,cost_of_sales,296.513054,RMB millions,synthetic_allocation
2026-02,actual,MINISO,overseas,MINISO - Overseas,operating_expense,167.592337,RMB millions,synthetic_allocation
2026-02,actual,MINISO,overseas,MINISO - Overseas,operating_profit,85.587422,RMB millions,synthetic_allocation
2026-02,actual,MINISO,overseas,MINISO - Overseas,average_ticket,149.930000,RMB per transaction,synthetic_allocation
2026-02,actual,MINISO,overseas,MINISO - Overseas,volume,3.666330,million transactions,calculated
2026-03,actual,MINISO,overseas,MINISO - Overseas,revenue,676.545000,RMB millions,synthetic_allocation
2026-03,actual,MINISO,overseas,MINISO - Overseas,gross_profit,311.605857,RMB millions,synthetic_allocation
2026-03,actual,MINISO,overseas,MINISO - Overseas,cost_of_sales,364.939143,RMB millions,synthetic_allocation
2026-03,actual,MINISO,overseas,MINISO - Overseas,operating_expense,206.267491,RMB millions,synthetic_allocation
2026-03,actual,MINISO,overseas,MINISO - Overseas,operating_profit,105.338365,RMB millions,synthetic_allocation
2026-03,actual,MINISO,overseas,MINISO - Overseas,average_ticket,149.930000,RMB per transaction,synthetic_allocation
2026-03,actual,MINISO,overseas,MINISO - Overseas,volume,4.512406,million transactions,calculated
2026-04,actual,MINISO,overseas,MINISO - Overseas,revenue,676.545000,RMB millions,synthetic_allocation
2026-04,actual,MINISO,overseas,MINISO - Overseas,gross_profit,311.605857,RMB millions,synthetic_allocation
2026-04,actual,MINISO,overseas,MINISO - Overseas,cost_of_sales,364.939143,RMB millions,synthetic_allocation
2026-04,actual,MINISO,overseas,MINISO - Overseas,operating_expense,206.267491,RMB millions,synthetic_allocation
2026-04,actual,MINISO,overseas,MINISO - Overseas,operating_profit,105.338365,RMB millions,synthetic_allocation
2026-04,actual,MINISO,overseas,MINISO - Overseas,average_ticket,149.930000,RMB per transaction,synthetic_allocation
2026-04,actual,MINISO,overseas,MINISO - Overseas,volume,4.512406,million transactions,calculated
2026-05,actual,MINISO,overseas,MINISO - Overseas,revenue,718.829063,RMB millions,synthetic_allocation
2026-05,actual,MINISO,overseas,MINISO - Overseas,gross_profit,331.081223,RMB millions,synthetic_allocation
2026-05,actual,MINISO,overseas,MINISO - Overseas,cost_of_sales,387.747840,RMB millions,synthetic_allocation
2026-05,actual,MINISO,overseas,MINISO - Overseas,operating_expense,219.159210,RMB millions,synthetic_allocation
2026-05,actual,MINISO,overseas,MINISO - Overseas,operating_profit,111.922013,RMB millions,synthetic_allocation
2026-05,actual,MINISO,overseas,MINISO - Overseas,average_ticket,149.930000,RMB per transaction,synthetic_allocation
2026-05,actual,MINISO,overseas,MINISO - Overseas,volume,4.794431,million transactions,calculated
2026-06,actual,MINISO,overseas,MINISO - Overseas,revenue,803.397187,RMB millions,synthetic_allocation
2026-06,actual,MINISO,overseas,MINISO - Overseas,gross_profit,370.031955,RMB millions,synthetic_allocation
2026-06,actual,MINISO,overseas,MINISO - Overseas,cost_of_sales,433.365232,RMB millions,synthetic_allocation
2026-06,actual,MINISO,overseas,MINISO - Overseas,operating_expense,244.942646,RMB millions,synthetic_allocation
2026-06,actual,MINISO,overseas,MINISO - Overseas,operating_profit,125.089309,RMB millions,synthetic_allocation
2026-06,actual,MINISO,overseas,MINISO - Overseas,average_ticket,149.930000,RMB per transaction,synthetic_allocation
2026-06,actual,MINISO,overseas,MINISO - Overseas,volume,5.358482,million transactions,calculated
2026-01,budget,MINISO,overseas,MINISO - Overseas,revenue,789.530991,RMB millions,synthetic_plan
2026-01,budget,MINISO,overseas,MINISO - Overseas,gross_profit,375.027221,RMB millions,synthetic_plan
2026-01,budget,MINISO,overseas,MINISO - Overseas,cost_of_sales,414.503770,RMB millions,synthetic_plan
2026-01,budget,MINISO,overseas,MINISO - Overseas,operating_expense,248.702262,RMB millions,synthetic_plan
2026-01,budget,MINISO,overseas,MINISO - Overseas,operating_profit,126.324959,RMB millions,synthetic_plan
2026-01,budget,MINISO,overseas,MINISO - Overseas,average_ticket,145.000000,RMB per transaction,synthetic_plan
2026-01,budget,MINISO,overseas,MINISO - Overseas,volume,5.445041,million transactions,calculated
2026-02,budget,MINISO,overseas,MINISO - Overseas,revenue,684.260192,RMB millions,synthetic_plan
2026-02,budget,MINISO,overseas,MINISO - Overseas,gross_profit,325.023591,RMB millions,synthetic_plan
2026-02,budget,MINISO,overseas,MINISO - Overseas,cost_of_sales,359.236601,RMB millions,synthetic_plan
2026-02,budget,MINISO,overseas,MINISO - Overseas,operating_expense,215.541961,RMB millions,synthetic_plan
2026-02,budget,MINISO,overseas,MINISO - Overseas,operating_profit,109.481631,RMB millions,synthetic_plan
2026-02,budget,MINISO,overseas,MINISO - Overseas,average_ticket,145.000000,RMB per transaction,synthetic_plan
2026-02,budget,MINISO,overseas,MINISO - Overseas,volume,4.719036,million transactions,calculated
2026-03,budget,MINISO,overseas,MINISO - Overseas,revenue,842.166390,RMB millions,synthetic_plan
2026-03,budget,MINISO,overseas,MINISO - Overseas,gross_profit,400.029035,RMB millions,synthetic_plan
2026-03,budget,MINISO,overseas,MINISO - Overseas,cost_of_sales,442.137355,RMB millions,synthetic_plan
2026-03,budget,MINISO,overseas,MINISO - Overseas,operating_expense,265.282413,RMB millions,synthetic_plan
2026-03,budget,MINISO,overseas,MINISO - Overseas,operating_profit,134.746622,RMB millions,synthetic_plan
2026-03,budget,MINISO,overseas,MINISO - Overseas,average_ticket,145.000000,RMB per transaction,synthetic_plan
2026-03,budget,MINISO,overseas,MINISO - Overseas,volume,5.808044,million transactions,calculated
2026-04,budget,MINISO,overseas,MINISO - Overseas,revenue,842.166390,RMB millions,synthetic_plan
2026-04,budget,MINISO,overseas,MINISO - Overseas,gross_profit,400.029035,RMB millions,synthetic_plan
2026-04,budget,MINISO,overseas,MINISO - Overseas,cost_of_sales,442.137355,RMB millions,synthetic_plan
2026-04,budget,MINISO,overseas,MINISO - Overseas,operating_expense,265.282413,RMB millions,synthetic_plan
2026-04,budget,MINISO,overseas,MINISO - Overseas,operating_profit,134.746622,RMB millions,synthetic_plan
2026-04,budget,MINISO,overseas,MINISO - Overseas,average_ticket,145.000000,RMB per transaction,synthetic_plan
2026-04,budget,MINISO,overseas,MINISO - Overseas,volume,5.808044,million transactions,calculated
2026-05,budget,MINISO,overseas,MINISO - Overseas,revenue,894.801790,RMB millions,synthetic_plan
2026-05,budget,MINISO,overseas,MINISO - Overseas,gross_profit,425.030850,RMB millions,synthetic_plan
2026-05,budget,MINISO,overseas,MINISO - Overseas,cost_of_sales,469.770940,RMB millions,synthetic_plan
2026-05,budget,MINISO,overseas,MINISO - Overseas,operating_expense,281.862564,RMB millions,synthetic_plan
2026-05,budget,MINISO,overseas,MINISO - Overseas,operating_profit,143.168286,RMB millions,synthetic_plan
2026-05,budget,MINISO,overseas,MINISO - Overseas,average_ticket,145.000000,RMB per transaction,synthetic_plan
2026-05,budget,MINISO,overseas,MINISO - Overseas,volume,6.171047,million transactions,calculated
2026-06,budget,MINISO,overseas,MINISO - Overseas,revenue,1000.072589,RMB millions,synthetic_plan
2026-06,budget,MINISO,overseas,MINISO - Overseas,gross_profit,475.034480,RMB millions,synthetic_plan
2026-06,budget,MINISO,overseas,MINISO - Overseas,cost_of_sales,525.038109,RMB millions,synthetic_plan
2026-06,budget,MINISO,overseas,MINISO - Overseas,operating_expense,315.022865,RMB millions,synthetic_plan
2026-06,budget,MINISO,overseas,MINISO - Overseas,operating_profit,160.011614,RMB millions,synthetic_plan
2026-06,budget,MINISO,overseas,MINISO - Overseas,average_ticket,145.000000,RMB per transaction,synthetic_plan
2026-06,budget,MINISO,overseas,MINISO - Overseas,volume,6.897052,million transactions,calculated
2026-07,budget,MINISO,overseas,MINISO - Overseas,revenue,842.166390,RMB millions,synthetic_plan
2026-07,budget,MINISO,overseas,MINISO - Overseas,gross_profit,400.029035,RMB millions,synthetic_plan
2026-07,budget,MINISO,overseas,MINISO - Overseas,cost_of_sales,442.137355,RMB millions,synthetic_plan
2026-07,budget,MINISO,overseas,MINISO - Overseas,operating_expense,265.282413,RMB millions,synthetic_plan
2026-07,budget,MINISO,overseas,MINISO - Overseas,operating_profit,134.746622,RMB millions,synthetic_plan
2026-07,budget,MINISO,overseas,MINISO - Overseas,average_ticket,145.000000,RMB per transaction,synthetic_plan
2026-07,budget,MINISO,overseas,MINISO - Overseas,volume,5.808044,million transactions,calculated
2026-08,budget,MINISO,overseas,MINISO - Overseas,revenue,842.166390,RMB millions,synthetic_plan
2026-08,budget,MINISO,overseas,MINISO - Overseas,gross_profit,400.029035,RMB millions,synthetic_plan
2026-08,budget,MINISO,overseas,MINISO - Overseas,cost_of_sales,442.137355,RMB millions,synthetic_plan
2026-08,budget,MINISO,overseas,MINISO - Overseas,operating_expense,265.282413,RMB millions,synthetic_plan
2026-08,budget,MINISO,overseas,MINISO - Overseas,operating_profit,134.746622,RMB millions,synthetic_plan
2026-08,budget,MINISO,overseas,MINISO - Overseas,average_ticket,145.000000,RMB per transaction,synthetic_plan
2026-08,budget,MINISO,overseas,MINISO - Overseas,volume,5.808044,million transactions,calculated
2026-09,budget,MINISO,overseas,MINISO - Overseas,revenue,1000.072589,RMB millions,synthetic_plan
2026-09,budget,MINISO,overseas,MINISO - Overseas,gross_profit,475.034480,RMB millions,synthetic_plan
2026-09,budget,MINISO,overseas,MINISO - Overseas,cost_of_sales,525.038109,RMB millions,synthetic_plan
2026-09,budget,MINISO,overseas,MINISO - Overseas,operating_expense,315.022865,RMB millions,synthetic_plan
2026-09,budget,MINISO,overseas,MINISO - Overseas,operating_profit,160.011614,RMB millions,synthetic_plan
2026-09,budget,MINISO,overseas,MINISO - Overseas,average_ticket,145.000000,RMB per transaction,synthetic_plan
2026-09,budget,MINISO,overseas,MINISO - Overseas,volume,6.897052,million transactions,calculated
2026-10,budget,MINISO,overseas,MINISO - Overseas,revenue,842.166390,RMB millions,synthetic_plan
2026-10,budget,MINISO,overseas,MINISO - Overseas,gross_profit,400.029035,RMB millions,synthetic_plan
2026-10,budget,MINISO,overseas,MINISO - Overseas,cost_of_sales,442.137355,RMB millions,synthetic_plan
2026-10,budget,MINISO,overseas,MINISO - Overseas,operating_expense,265.282413,RMB millions,synthetic_plan
2026-10,budget,MINISO,overseas,MINISO - Overseas,operating_profit,134.746622,RMB millions,synthetic_plan
2026-10,budget,MINISO,overseas,MINISO - Overseas,average_ticket,145.000000,RMB per transaction,synthetic_plan
2026-10,budget,MINISO,overseas,MINISO - Overseas,volume,5.808044,million transactions,calculated
2026-11,budget,MINISO,overseas,MINISO - Overseas,revenue,894.801790,RMB millions,synthetic_plan
2026-11,budget,MINISO,overseas,MINISO - Overseas,gross_profit,425.030850,RMB millions,synthetic_plan
2026-11,budget,MINISO,overseas,MINISO - Overseas,cost_of_sales,469.770940,RMB millions,synthetic_plan
2026-11,budget,MINISO,overseas,MINISO - Overseas,operating_expense,281.862564,RMB millions,synthetic_plan
2026-11,budget,MINISO,overseas,MINISO - Overseas,operating_profit,143.168286,RMB millions,synthetic_plan
2026-11,budget,MINISO,overseas,MINISO - Overseas,average_ticket,145.000000,RMB per transaction,synthetic_plan
2026-11,budget,MINISO,overseas,MINISO - Overseas,volume,6.171047,million transactions,calculated
2026-12,budget,MINISO,overseas,MINISO - Overseas,revenue,1052.707988,RMB millions,synthetic_plan
2026-12,budget,MINISO,overseas,MINISO - Overseas,gross_profit,500.036294,RMB millions,synthetic_plan
2026-12,budget,MINISO,overseas,MINISO - Overseas,cost_of_sales,552.671694,RMB millions,synthetic_plan
2026-12,budget,MINISO,overseas,MINISO - Overseas,operating_expense,331.603016,RMB millions,synthetic_plan
2026-12,budget,MINISO,overseas,MINISO - Overseas,operating_profit,168.433278,RMB millions,synthetic_plan
2026-12,budget,MINISO,overseas,MINISO - Overseas,average_ticket,145.000000,RMB per transaction,synthetic_plan
2026-12,budget,MINISO,overseas,MINISO - Overseas,volume,7.260055,million transactions,calculated
2026-01,forecast,MINISO,overseas,MINISO - Overseas,revenue,634.260937,RMB millions,calculated
2026-01,forecast,MINISO,overseas,MINISO - Overseas,gross_profit,292.130491,RMB millions,calculated
2026-01,forecast,MINISO,overseas,MINISO - Overseas,cost_of_sales,342.130447,RMB millions,calculated
2026-01,forecast,MINISO,overseas,MINISO - Overseas,operating_expense,193.375773,RMB millions,calculated
2026-01,forecast,MINISO,overseas,MINISO - Overseas,operating_profit,98.754718,RMB millions,calculated
2026-01,forecast,MINISO,overseas,MINISO - Overseas,average_ticket,149.930000,RMB per transaction,calculated
2026-01,forecast,MINISO,overseas,MINISO - Overseas,volume,4.230380,million transactions,calculated
2026-02,forecast,MINISO,overseas,MINISO - Overseas,revenue,549.692813,RMB millions,calculated
2026-02,forecast,MINISO,overseas,MINISO - Overseas,gross_profit,253.179759,RMB millions,calculated
2026-02,forecast,MINISO,overseas,MINISO - Overseas,cost_of_sales,296.513054,RMB millions,calculated
2026-02,forecast,MINISO,overseas,MINISO - Overseas,operating_expense,167.592337,RMB millions,calculated
2026-02,forecast,MINISO,overseas,MINISO - Overseas,operating_profit,85.587422,RMB millions,calculated
2026-02,forecast,MINISO,overseas,MINISO - Overseas,average_ticket,149.930000,RMB per transaction,calculated
2026-02,forecast,MINISO,overseas,MINISO - Overseas,volume,3.666330,million transactions,calculated
2026-03,forecast,MINISO,overseas,MINISO - Overseas,revenue,676.545000,RMB millions,calculated
2026-03,forecast,MINISO,overseas,MINISO - Overseas,gross_profit,311.605857,RMB millions,calculated
2026-03,forecast,MINISO,overseas,MINISO - Overseas,cost_of_sales,364.939143,RMB millions,calculated
2026-03,forecast,MINISO,overseas,MINISO - Overseas,operating_expense,206.267491,RMB millions,calculated
2026-03,forecast,MINISO,overseas,MINISO - Overseas,operating_profit,105.338365,RMB millions,calculated
2026-03,forecast,MINISO,overseas,MINISO - Overseas,average_ticket,149.930000,RMB per transaction,calculated
2026-03,forecast,MINISO,overseas,MINISO - Overseas,volume,4.512406,million transactions,calculated
2026-04,forecast,MINISO,overseas,MINISO - Overseas,revenue,676.545000,RMB millions,calculated
2026-04,forecast,MINISO,overseas,MINISO - Overseas,gross_profit,311.605857,RMB millions,calculated
2026-04,forecast,MINISO,overseas,MINISO - Overseas,cost_of_sales,364.939143,RMB millions,calculated
2026-04,forecast,MINISO,overseas,MINISO - Overseas,operating_expense,206.267491,RMB millions,calculated
2026-04,forecast,MINISO,overseas,MINISO - Overseas,operating_profit,105.338365,RMB millions,calculated
2026-04,forecast,MINISO,overseas,MINISO - Overseas,average_ticket,149.930000,RMB per transaction,calculated
2026-04,forecast,MINISO,overseas,MINISO - Overseas,volume,4.512406,million transactions,calculated
2026-05,forecast,MINISO,overseas,MINISO - Overseas,revenue,718.829063,RMB millions,calculated
2026-05,forecast,MINISO,overseas,MINISO - Overseas,gross_profit,331.081223,RMB millions,calculated
2026-05,forecast,MINISO,overseas,MINISO - Overseas,cost_of_sales,387.747840,RMB millions,calculated
2026-05,forecast,MINISO,overseas,MINISO - Overseas,operating_expense,219.159210,RMB millions,calculated
2026-05,forecast,MINISO,overseas,MINISO - Overseas,operating_profit,111.922013,RMB millions,calculated
2026-05,forecast,MINISO,overseas,MINISO - Overseas,average_ticket,149.930000,RMB per transaction,calculated
2026-05,forecast,MINISO,overseas,MINISO - Overseas,volume,4.794431,million transactions,calculated
2026-06,forecast,MINISO,overseas,MINISO - Overseas,revenue,803.397187,RMB millions,calculated
2026-06,forecast,MINISO,overseas,MINISO - Overseas,gross_profit,370.031955,RMB millions,calculated
2026-06,forecast,MINISO,overseas,MINISO - Overseas,cost_of_sales,433.365232,RMB millions,calculated
2026-06,forecast,MINISO,overseas,MINISO - Overseas,operating_expense,244.942646,RMB millions,calculated
2026-06,forecast,MINISO,overseas,MINISO - Overseas,operating_profit,125.089309,RMB millions,calculated
2026-06,forecast,MINISO,overseas,MINISO - Overseas,average_ticket,149.930000,RMB per transaction,calculated
2026-06,forecast,MINISO,overseas,MINISO - Overseas,volume,5.358482,million transactions,calculated
2026-07,forecast,MINISO,overseas,MINISO - Overseas,revenue,800.058071,RMB millions,synthetic_plan
2026-07,forecast,MINISO,overseas,MINISO - Overseas,gross_profit,380.027584,RMB millions,synthetic_plan
2026-07,forecast,MINISO,overseas,MINISO - Overseas,cost_of_sales,420.030487,RMB millions,synthetic_plan
2026-07,forecast,MINISO,overseas,MINISO - Overseas,operating_expense,252.018292,RMB millions,synthetic_plan
2026-07,forecast,MINISO,overseas,MINISO - Overseas,operating_profit,128.009291,RMB millions,synthetic_plan
2026-07,forecast,MINISO,overseas,MINISO - Overseas,average_ticket,145.000000,RMB per transaction,synthetic_plan
2026-07,forecast,MINISO,overseas,MINISO - Overseas,volume,5.517642,million transactions,calculated
2026-08,forecast,MINISO,overseas,MINISO - Overseas,revenue,800.058071,RMB millions,synthetic_plan
2026-08,forecast,MINISO,overseas,MINISO - Overseas,gross_profit,380.027584,RMB millions,synthetic_plan
2026-08,forecast,MINISO,overseas,MINISO - Overseas,cost_of_sales,420.030487,RMB millions,synthetic_plan
2026-08,forecast,MINISO,overseas,MINISO - Overseas,operating_expense,252.018292,RMB millions,synthetic_plan
2026-08,forecast,MINISO,overseas,MINISO - Overseas,operating_profit,128.009291,RMB millions,synthetic_plan
2026-08,forecast,MINISO,overseas,MINISO - Overseas,average_ticket,145.000000,RMB per transaction,synthetic_plan
2026-08,forecast,MINISO,overseas,MINISO - Overseas,volume,5.517642,million transactions,calculated
2026-09,forecast,MINISO,overseas,MINISO - Overseas,revenue,950.068959,RMB millions,synthetic_plan
2026-09,forecast,MINISO,overseas,MINISO - Overseas,gross_profit,451.282756,RMB millions,synthetic_plan
2026-09,forecast,MINISO,overseas,MINISO - Overseas,cost_of_sales,498.786204,RMB millions,synthetic_plan
2026-09,forecast,MINISO,overseas,MINISO - Overseas,operating_expense,299.271722,RMB millions,synthetic_plan
2026-09,forecast,MINISO,overseas,MINISO - Overseas,operating_profit,152.011033,RMB millions,synthetic_plan
2026-09,forecast,MINISO,overseas,MINISO - Overseas,average_ticket,145.000000,RMB per transaction,synthetic_plan
2026-09,forecast,MINISO,overseas,MINISO - Overseas,volume,6.552200,million transactions,calculated
2026-10,forecast,MINISO,overseas,MINISO - Overseas,revenue,800.058071,RMB millions,synthetic_plan
2026-10,forecast,MINISO,overseas,MINISO - Overseas,gross_profit,380.027584,RMB millions,synthetic_plan
2026-10,forecast,MINISO,overseas,MINISO - Overseas,cost_of_sales,420.030487,RMB millions,synthetic_plan
2026-10,forecast,MINISO,overseas,MINISO - Overseas,operating_expense,252.018292,RMB millions,synthetic_plan
2026-10,forecast,MINISO,overseas,MINISO - Overseas,operating_profit,128.009291,RMB millions,synthetic_plan
2026-10,forecast,MINISO,overseas,MINISO - Overseas,average_ticket,145.000000,RMB per transaction,synthetic_plan
2026-10,forecast,MINISO,overseas,MINISO - Overseas,volume,5.517642,million transactions,calculated
2026-11,forecast,MINISO,overseas,MINISO - Overseas,revenue,850.061700,RMB millions,synthetic_plan
2026-11,forecast,MINISO,overseas,MINISO - Overseas,gross_profit,403.779308,RMB millions,synthetic_plan
2026-11,forecast,MINISO,overseas,MINISO - Overseas,cost_of_sales,446.282393,RMB millions,synthetic_plan
2026-11,forecast,MINISO,overseas,MINISO - Overseas,operating_expense,267.769436,RMB millions,synthetic_plan
2026-11,forecast,MINISO,overseas,MINISO - Overseas,operating_profit,136.009872,RMB millions,synthetic_plan
2026-11,forecast,MINISO,overseas,MINISO - Overseas,average_ticket,145.000000,RMB per transaction,synthetic_plan
2026-11,forecast,MINISO,overseas,MINISO - Overseas,volume,5.862494,million transactions,calculated
2026-12,forecast,MINISO,overseas,MINISO - Overseas,revenue,1000.072589,RMB millions,synthetic_plan
2026-12,forecast,MINISO,overseas,MINISO - Overseas,gross_profit,475.034480,RMB millions,synthetic_plan
2026-12,forecast,MINISO,overseas,MINISO - Overseas,cost_of_sales,525.038109,RMB millions,synthetic_plan
2026-12,forecast,MINISO,overseas,MINISO - Overseas,operating_expense,315.022865,RMB millions,synthetic_plan
2026-12,forecast,MINISO,overseas,MINISO - Overseas,operating_profit,160.011614,RMB millions,synthetic_plan
2026-12,forecast,MINISO,overseas,MINISO - Overseas,average_ticket,145.000000,RMB per transaction,synthetic_plan
2026-12,forecast,MINISO,overseas,MINISO - Overseas,volume,6.897052,million transactions,calculated
2026-01,prior_year,MINISO,overseas,MINISO - Overseas,revenue,552.190156,RMB millions,synthetic_allocation
2026-01,prior_year,MINISO,overseas,MINISO - Overseas,gross_profit,253.852226,RMB millions,synthetic_allocation
2026-01,prior_year,MINISO,overseas,MINISO - Overseas,cost_of_sales,298.337931,RMB millions,synthetic_allocation
2026-01,prior_year,MINISO,overseas,MINISO - Overseas,operating_expense,154.851274,RMB millions,synthetic_allocation
2026-01,prior_year,MINISO,overseas,MINISO - Overseas,operating_profit,99.000951,RMB millions,synthetic_allocation
2026-01,prior_year,MINISO,overseas,MINISO - Overseas,average_ticket,142.100000,RMB per transaction,synthetic_allocation
2026-01,prior_year,MINISO,overseas,MINISO - Overseas,volume,3.885927,million transactions,calculated
2026-02,prior_year,MINISO,overseas,MINISO - Overseas,revenue,478.564802,RMB millions,synthetic_allocation
2026-02,prior_year,MINISO,overseas,MINISO - Overseas,gross_profit,220.005262,RMB millions,synthetic_allocation
2026-02,prior_year,MINISO,overseas,MINISO - Overseas,cost_of_sales,258.559540,RMB millions,synthetic_allocation
2026-02,prior_year,MINISO,overseas,MINISO - Overseas,operating_expense,134.204438,RMB millions,synthetic_allocation
2026-02,prior_year,MINISO,overseas,MINISO - Overseas,operating_profit,85.800825,RMB millions,synthetic_allocation
2026-02,prior_year,MINISO,overseas,MINISO - Overseas,average_ticket,142.100000,RMB per transaction,synthetic_allocation
2026-02,prior_year,MINISO,overseas,MINISO - Overseas,volume,3.367803,million transactions,calculated
2026-03,prior_year,MINISO,overseas,MINISO - Overseas,revenue,589.002833,RMB millions,synthetic_allocation
2026-03,prior_year,MINISO,overseas,MINISO - Overseas,gross_profit,270.775707,RMB millions,synthetic_allocation
2026-03,prior_year,MINISO,overseas,MINISO - Overseas,cost_of_sales,318.227126,RMB millions,synthetic_allocation
2026-03,prior_year,MINISO,overseas,MINISO - Overseas,operating_expense,165.174692,RMB millions,synthetic_allocation
2026-03,prior_year,MINISO,overseas,MINISO - Overseas,operating_profit,105.601015,RMB millions,synthetic_allocation
2026-03,prior_year,MINISO,overseas,MINISO - Overseas,average_ticket,142.100000,RMB per transaction,synthetic_allocation
2026-03,prior_year,MINISO,overseas,MINISO - Overseas,volume,4.144988,million transactions,calculated
2026-04,prior_year,MINISO,overseas,MINISO - Overseas,revenue,589.002833,RMB millions,synthetic_allocation
2026-04,prior_year,MINISO,overseas,MINISO - Overseas,gross_profit,270.775707,RMB millions,synthetic_allocation
2026-04,prior_year,MINISO,overseas,MINISO - Overseas,cost_of_sales,318.227126,RMB millions,synthetic_allocation
2026-04,prior_year,MINISO,overseas,MINISO - Overseas,operating_expense,165.174692,RMB millions,synthetic_allocation
2026-04,prior_year,MINISO,overseas,MINISO - Overseas,operating_profit,105.601015,RMB millions,synthetic_allocation
2026-04,prior_year,MINISO,overseas,MINISO - Overseas,average_ticket,142.100000,RMB per transaction,synthetic_allocation
2026-04,prior_year,MINISO,overseas,MINISO - Overseas,volume,4.144988,million transactions,calculated
2026-05,prior_year,MINISO,overseas,MINISO - Overseas,revenue,625.815510,RMB millions,synthetic_allocation
2026-05,prior_year,MINISO,overseas,MINISO - Overseas,gross_profit,287.699189,RMB millions,synthetic_allocation
2026-05,prior_year,MINISO,overseas,MINISO - Overseas,cost_of_sales,338.116321,RMB millions,synthetic_allocation
2026-05,prior_year,MINISO,overseas,MINISO - Overseas,operating_expense,175.498111,RMB millions,synthetic_allocation
2026-05,prior_year,MINISO,overseas,MINISO - Overseas,operating_profit,112.201078,RMB millions,synthetic_allocation
2026-05,prior_year,MINISO,overseas,MINISO - Overseas,average_ticket,142.100000,RMB per transaction,synthetic_allocation
2026-05,prior_year,MINISO,overseas,MINISO - Overseas,volume,4.404050,million transactions,calculated
2026-06,prior_year,MINISO,overseas,MINISO - Overseas,revenue,699.440865,RMB millions,synthetic_allocation
2026-06,prior_year,MINISO,overseas,MINISO - Overseas,gross_profit,321.546152,RMB millions,synthetic_allocation
2026-06,prior_year,MINISO,overseas,MINISO - Overseas,cost_of_sales,377.894712,RMB millions,synthetic_allocation
2026-06,prior_year,MINISO,overseas,MINISO - Overseas,operating_expense,196.144947,RMB millions,synthetic_allocation
2026-06,prior_year,MINISO,overseas,MINISO - Overseas,operating_profit,125.401205,RMB millions,synthetic_allocation
2026-06,prior_year,MINISO,overseas,MINISO - Overseas,average_ticket,142.100000,RMB per transaction,synthetic_allocation
2026-06,prior_year,MINISO,overseas,MINISO - Overseas,volume,4.922174,million transactions,calculated
2026-07,prior_year,MINISO,overseas,MINISO - Overseas,revenue,783.805692,RMB millions,synthetic_allocation
2026-07,prior_year,MINISO,overseas,MINISO - Overseas,gross_profit,368.314720,RMB millions,synthetic_allocation
2026-07,prior_year,MINISO,overseas,MINISO - Overseas,cost_of_sales,415.490972,RMB millions,synthetic_allocation
2026-07,prior_year,MINISO,overseas,MINISO - Overseas,operating_expense,244.780673,RMB millions,synthetic_allocation
2026-07,prior_year,MINISO,overseas,MINISO - Overseas,operating_profit,123.534047,RMB millions,synthetic_allocation
2026-07,prior_year,MINISO,overseas,MINISO - Overseas,average_ticket,142.100000,RMB per transaction,synthetic_allocation
2026-07,prior_year,MINISO,overseas,MINISO - Overseas,volume,5.515874,million transactions,calculated
2026-08,prior_year,MINISO,overseas,MINISO - Overseas,revenue,783.805692,RMB millions,synthetic_allocation
2026-08,prior_year,MINISO,overseas,MINISO - Overseas,gross_profit,368.314720,RMB millions,synthetic_allocation
2026-08,prior_year,MINISO,overseas,MINISO - Overseas,cost_of_sales,415.490972,RMB millions,synthetic_allocation
2026-08,prior_year,MINISO,overseas,MINISO - Overseas,operating_expense,244.780673,RMB millions,synthetic_allocation
2026-08,prior_year,MINISO,overseas,MINISO - Overseas,operating_profit,123.534047,RMB millions,synthetic_allocation
2026-08,prior_year,MINISO,overseas,MINISO - Overseas,average_ticket,142.100000,RMB per transaction,synthetic_allocation
2026-08,prior_year,MINISO,overseas,MINISO - Overseas,volume,5.515874,million transactions,calculated
2026-09,prior_year,MINISO,overseas,MINISO - Overseas,revenue,930.769260,RMB millions,synthetic_allocation
2026-09,prior_year,MINISO,overseas,MINISO - Overseas,gross_profit,437.373730,RMB millions,synthetic_allocation
2026-09,prior_year,MINISO,overseas,MINISO - Overseas,cost_of_sales,493.395529,RMB millions,synthetic_allocation
2026-09,prior_year,MINISO,overseas,MINISO - Overseas,operating_expense,290.677049,RMB millions,synthetic_allocation
2026-09,prior_year,MINISO,overseas,MINISO - Overseas,operating_profit,146.696681,RMB millions,synthetic_allocation
2026-09,prior_year,MINISO,overseas,MINISO - Overseas,average_ticket,142.100000,RMB per transaction,synthetic_allocation
2026-09,prior_year,MINISO,overseas,MINISO - Overseas,volume,6.550100,million transactions,calculated
2026-10,prior_year,MINISO,overseas,MINISO - Overseas,revenue,783.805692,RMB millions,synthetic_allocation
2026-10,prior_year,MINISO,overseas,MINISO - Overseas,gross_profit,368.314720,RMB millions,synthetic_allocation
2026-10,prior_year,MINISO,overseas,MINISO - Overseas,cost_of_sales,415.490972,RMB millions,synthetic_allocation
2026-10,prior_year,MINISO,overseas,MINISO - Overseas,operating_expense,244.780673,RMB millions,synthetic_allocation
2026-10,prior_year,MINISO,overseas,MINISO - Overseas,operating_profit,123.534047,RMB millions,synthetic_allocation
2026-10,prior_year,MINISO,overseas,MINISO - Overseas,average_ticket,142.100000,RMB per transaction,synthetic_allocation
2026-10,prior_year,MINISO,overseas,MINISO - Overseas,volume,5.515874,million transactions,calculated
2026-11,prior_year,MINISO,overseas,MINISO - Overseas,revenue,832.793548,RMB millions,synthetic_allocation
2026-11,prior_year,MINISO,overseas,MINISO - Overseas,gross_profit,391.334390,RMB millions,synthetic_allocation
2026-11,prior_year,MINISO,overseas,MINISO - Overseas,cost_of_sales,441.459158,RMB millions,synthetic_allocation
2026-11,prior_year,MINISO,overseas,MINISO - Overseas,operating_expense,260.079465,RMB millions,synthetic_allocation
2026-11,prior_year,MINISO,overseas,MINISO - Overseas,operating_profit,131.254925,RMB millions,synthetic_allocation
2026-11,prior_year,MINISO,overseas,MINISO - Overseas,average_ticket,142.100000,RMB per transaction,synthetic_allocation
2026-11,prior_year,MINISO,overseas,MINISO - Overseas,volume,5.860616,million transactions,calculated
2026-12,prior_year,MINISO,overseas,MINISO - Overseas,revenue,979.757115,RMB millions,synthetic_allocation
2026-12,prior_year,MINISO,overseas,MINISO - Overseas,gross_profit,460.393400,RMB millions,synthetic_allocation
2026-12,prior_year,MINISO,overseas,MINISO - Overseas,cost_of_sales,519.363715,RMB millions,synthetic_allocation
2026-12,prior_year,MINISO,overseas,MINISO - Overseas,operating_expense,305.975841,RMB millions,synthetic_allocation
2026-12,prior_year,MINISO,overseas,MINISO - Overseas,operating_profit,154.417559,RMB millions,synthetic_allocation
2026-12,prior_year,MINISO,overseas,MINISO - Overseas,average_ticket,142.100000,RMB per transaction,synthetic_allocation
2026-12,prior_year,MINISO,overseas,MINISO - Overseas,volume,6.894842,million transactions,calculated
2026-01,actual,TOP_TOY,global,TOP TOY - Global,revenue,153.846563,RMB millions,synthetic_allocation
2026-01,actual,TOP_TOY,global,TOP TOY - Global,gross_profit,74.947313,RMB millions,synthetic_allocation
2026-01,actual,TOP_TOY,global,TOP TOY - Global,cost_of_sales,78.899250,RMB millions,synthetic_allocation
2026-01,actual,TOP_TOY,global,TOP TOY - Global,operating_expense,48.331779,RMB millions,synthetic_allocation
2026-01,actual,TOP_TOY,global,TOP TOY - Global,operating_profit,26.615533,RMB millions,synthetic_allocation
2026-01,actual,TOP_TOY,global,TOP TOY - Global,average_ticket,177.970000,RMB per transaction,synthetic_allocation
2026-01,actual,TOP_TOY,global,TOP TOY - Global,volume,0.864452,million transactions,calculated
2026-02,actual,TOP_TOY,global,TOP TOY - Global,revenue,133.333688,RMB millions,synthetic_allocation
2026-02,actual,TOP_TOY,global,TOP TOY - Global,gross_profit,64.954338,RMB millions,synthetic_allocation
2026-02,actual,TOP_TOY,global,TOP TOY - Global,cost_of_sales,68.379350,RMB millions,synthetic_allocation
2026-02,actual,TOP_TOY,global,TOP TOY - Global,operating_expense,41.887542,RMB millions,synthetic_allocation
2026-02,actual,TOP_TOY,global,TOP TOY - Global,operating_profit,23.066796,RMB millions,synthetic_allocation
2026-02,actual,TOP_TOY,global,TOP TOY - Global,average_ticket,177.970000,RMB per transaction,synthetic_allocation
2026-02,actual,TOP_TOY,global,TOP TOY - Global,volume,0.749192,million transactions,calculated
2026-03,actual,TOP_TOY,global,TOP TOY - Global,revenue,164.103000,RMB millions,synthetic_allocation
2026-03,actual,TOP_TOY,global,TOP TOY - Global,gross_profit,79.943800,RMB millions,synthetic_allocation
2026-03,actual,TOP_TOY,global,TOP TOY - Global,cost_of_sales,84.159200,RMB millions,synthetic_allocation
2026-03,actual,TOP_TOY,global,TOP TOY - Global,operating_expense,51.553898,RMB millions,synthetic_allocation
2026-03,actual,TOP_TOY,global,TOP TOY - Global,operating_profit,28.389902,RMB millions,synthetic_allocation
2026-03,actual,TOP_TOY,global,TOP TOY - Global,average_ticket,177.970000,RMB per transaction,synthetic_allocation
2026-03,actual,TOP_TOY,global,TOP TOY - Global,volume,0.922082,million transactions,calculated
2026-04,actual,TOP_TOY,global,TOP TOY - Global,revenue,164.103000,RMB millions,synthetic_allocation
2026-04,actual,TOP_TOY,global,TOP TOY - Global,gross_profit,79.943800,RMB millions,synthetic_allocation
2026-04,actual,TOP_TOY,global,TOP TOY - Global,cost_of_sales,84.159200,RMB millions,synthetic_allocation
2026-04,actual,TOP_TOY,global,TOP TOY - Global,operating_expense,51.553898,RMB millions,synthetic_allocation
2026-04,actual,TOP_TOY,global,TOP TOY - Global,operating_profit,28.389902,RMB millions,synthetic_allocation
2026-04,actual,TOP_TOY,global,TOP TOY - Global,average_ticket,177.970000,RMB per transaction,synthetic_allocation
2026-04,actual,TOP_TOY,global,TOP TOY - Global,volume,0.922082,million transactions,calculated
2026-05,actual,TOP_TOY,global,TOP TOY - Global,revenue,174.359438,RMB millions,synthetic_allocation
2026-05,actual,TOP_TOY,global,TOP TOY - Global,gross_profit,84.940288,RMB millions,synthetic_allocation
2026-05,actual,TOP_TOY,global,TOP TOY - Global,cost_of_sales,89.419150,RMB millions,synthetic_allocation
2026-05,actual,TOP_TOY,global,TOP TOY - Global,operating_expense,54.776017,RMB millions,synthetic_allocation
2026-05,actual,TOP_TOY,global,TOP TOY - Global,operating_profit,30.164271,RMB millions,synthetic_allocation
2026-05,actual,TOP_TOY,global,TOP TOY - Global,average_ticket,177.970000,RMB per transaction,synthetic_allocation
2026-05,actual,TOP_TOY,global,TOP TOY - Global,volume,0.979713,million transactions,calculated
2026-06,actual,TOP_TOY,global,TOP TOY - Global,revenue,194.872313,RMB millions,synthetic_allocation
2026-06,actual,TOP_TOY,global,TOP TOY - Global,gross_profit,94.933263,RMB millions,synthetic_allocation
2026-06,actual,TOP_TOY,global,TOP TOY - Global,cost_of_sales,99.939050,RMB millions,synthetic_allocation
2026-06,actual,TOP_TOY,global,TOP TOY - Global,operating_expense,61.220254,RMB millions,synthetic_allocation
2026-06,actual,TOP_TOY,global,TOP TOY - Global,operating_profit,33.713009,RMB millions,synthetic_allocation
2026-06,actual,TOP_TOY,global,TOP TOY - Global,average_ticket,177.970000,RMB per transaction,synthetic_allocation
2026-06,actual,TOP_TOY,global,TOP TOY - Global,volume,1.094973,million transactions,calculated
2026-01,budget,TOP_TOY,global,TOP TOY - Global,revenue,208.323457,RMB millions,synthetic_plan
2026-01,budget,TOP_TOY,global,TOP TOY - Global,gross_profit,99.995260,RMB millions,synthetic_plan
2026-01,budget,TOP_TOY,global,TOP TOY - Global,cost_of_sales,108.328198,RMB millions,synthetic_plan
2026-01,budget,TOP_TOY,global,TOP TOY - Global,operating_expense,68.746741,RMB millions,synthetic_plan
2026-01,budget,TOP_TOY,global,TOP TOY - Global,operating_profit,31.248519,RMB millions,synthetic_plan
2026-01,budget,TOP_TOY,global,TOP TOY - Global,average_ticket,185.000000,RMB per transaction,synthetic_plan
2026-01,budget,TOP_TOY,global,TOP TOY - Global,volume,1.126073,million transactions,calculated
2026-02,budget,TOP_TOY,global,TOP TOY - Global,revenue,180.546997,RMB millions,synthetic_plan
2026-02,budget,TOP_TOY,global,TOP TOY - Global,gross_profit,86.662558,RMB millions,synthetic_plan
2026-02,budget,TOP_TOY,global,TOP TOY - Global,cost_of_sales,93.884438,RMB millions,synthetic_plan
2026-02,budget,TOP_TOY,global,TOP TOY - Global,operating_expense,59.580509,RMB millions,synthetic_plan
2026-02,budget,TOP_TOY,global,TOP TOY - Global,operating_profit,27.082049,RMB millions,synthetic_plan
2026-02,budget,TOP_TOY,global,TOP TOY - Global,average_ticket,185.000000,RMB per transaction,synthetic_plan
2026-02,budget,TOP_TOY,global,TOP TOY - Global,volume,0.975930,million transactions,calculated
2026-03,budget,TOP_TOY,global,TOP TOY - Global,revenue,222.211688,RMB millions,synthetic_plan
2026-03,budget,TOP_TOY,global,TOP TOY - Global,gross_profit,106.661610,RMB millions,synthetic_plan
2026-03,budget,TOP_TOY,global,TOP TOY - Global,cost_of_sales,115.550078,RMB millions,synthetic_plan
2026-03,budget,TOP_TOY,global,TOP TOY - Global,operating_expense,73.329857,RMB millions,synthetic_plan
2026-03,budget,TOP_TOY,global,TOP TOY - Global,operating_profit,33.331753,RMB millions,synthetic_plan
2026-03,budget,TOP_TOY,global,TOP TOY - Global,average_ticket,185.000000,RMB per transaction,synthetic_plan
2026-03,budget,TOP_TOY,global,TOP TOY - Global,volume,1.201144,million transactions,calculated
2026-04,budget,TOP_TOY,global,TOP TOY - Global,revenue,222.211688,RMB millions,synthetic_plan
2026-04,budget,TOP_TOY,global,TOP TOY - Global,gross_profit,106.661610,RMB millions,synthetic_plan
2026-04,budget,TOP_TOY,global,TOP TOY - Global,cost_of_sales,115.550078,RMB millions,synthetic_plan
2026-04,budget,TOP_TOY,global,TOP TOY - Global,operating_expense,73.329857,RMB millions,synthetic_plan
2026-04,budget,TOP_TOY,global,TOP TOY - Global,operating_profit,33.331753,RMB millions,synthetic_plan
2026-04,budget,TOP_TOY,global,TOP TOY - Global,average_ticket,185.000000,RMB per transaction,synthetic_plan
2026-04,budget,TOP_TOY,global,TOP TOY - Global,volume,1.201144,million transactions,calculated
2026-05,budget,TOP_TOY,global,TOP TOY - Global,revenue,236.099919,RMB millions,synthetic_plan
2026-05,budget,TOP_TOY,global,TOP TOY - Global,gross_profit,113.327961,RMB millions,synthetic_plan
2026-05,budget,TOP_TOY,global,TOP TOY - Global,cost_of_sales,122.771958,RMB millions,synthetic_plan
2026-05,budget,TOP_TOY,global,TOP TOY - Global,operating_expense,77.912973,RMB millions,synthetic_plan
2026-05,budget,TOP_TOY,global,TOP TOY - Global,operating_profit,35.414988,RMB millions,synthetic_plan
2026-05,budget,TOP_TOY,global,TOP TOY - Global,average_ticket,185.000000,RMB per transaction,synthetic_plan
2026-05,budget,TOP_TOY,global,TOP TOY - Global,volume,1.276216,million transactions,calculated
2026-06,budget,TOP_TOY,global,TOP TOY - Global,revenue,263.876379,RMB millions,synthetic_plan
2026-06,budget,TOP_TOY,global,TOP TOY - Global,gross_profit,126.660662,RMB millions,synthetic_plan
2026-06,budget,TOP_TOY,global,TOP TOY - Global,cost_of_sales,137.215717,RMB millions,synthetic_plan
2026-06,budget,TOP_TOY,global,TOP TOY - Global,operating_expense,87.079205,RMB millions,synthetic_plan
2026-06,budget,TOP_TOY,global,TOP TOY - Global,operating_profit,39.581457,RMB millions,synthetic_plan
2026-06,budget,TOP_TOY,global,TOP TOY - Global,average_ticket,185.000000,RMB per transaction,synthetic_plan
2026-06,budget,TOP_TOY,global,TOP TOY - Global,volume,1.426359,million transactions,calculated
2026-07,budget,TOP_TOY,global,TOP TOY - Global,revenue,222.211688,RMB millions,synthetic_plan
2026-07,budget,TOP_TOY,global,TOP TOY - Global,gross_profit,106.661610,RMB millions,synthetic_plan
2026-07,budget,TOP_TOY,global,TOP TOY - Global,cost_of_sales,115.550078,RMB millions,synthetic_plan
2026-07,budget,TOP_TOY,global,TOP TOY - Global,operating_expense,73.329857,RMB millions,synthetic_plan
2026-07,budget,TOP_TOY,global,TOP TOY - Global,operating_profit,33.331753,RMB millions,synthetic_plan
2026-07,budget,TOP_TOY,global,TOP TOY - Global,average_ticket,185.000000,RMB per transaction,synthetic_plan
2026-07,budget,TOP_TOY,global,TOP TOY - Global,volume,1.201144,million transactions,calculated
2026-08,budget,TOP_TOY,global,TOP TOY - Global,revenue,222.211688,RMB millions,synthetic_plan
2026-08,budget,TOP_TOY,global,TOP TOY - Global,gross_profit,106.661610,RMB millions,synthetic_plan
2026-08,budget,TOP_TOY,global,TOP TOY - Global,cost_of_sales,115.550078,RMB millions,synthetic_plan
2026-08,budget,TOP_TOY,global,TOP TOY - Global,operating_expense,73.329857,RMB millions,synthetic_plan
2026-08,budget,TOP_TOY,global,TOP TOY - Global,operating_profit,33.331753,RMB millions,synthetic_plan
2026-08,budget,TOP_TOY,global,TOP TOY - Global,average_ticket,185.000000,RMB per transaction,synthetic_plan
2026-08,budget,TOP_TOY,global,TOP TOY - Global,volume,1.201144,million transactions,calculated
2026-09,budget,TOP_TOY,global,TOP TOY - Global,revenue,263.876379,RMB millions,synthetic_plan
2026-09,budget,TOP_TOY,global,TOP TOY - Global,gross_profit,126.660662,RMB millions,synthetic_plan
2026-09,budget,TOP_TOY,global,TOP TOY - Global,cost_of_sales,137.215717,RMB millions,synthetic_plan
2026-09,budget,TOP_TOY,global,TOP TOY - Global,operating_expense,87.079205,RMB millions,synthetic_plan
2026-09,budget,TOP_TOY,global,TOP TOY - Global,operating_profit,39.581457,RMB millions,synthetic_plan
2026-09,budget,TOP_TOY,global,TOP TOY - Global,average_ticket,185.000000,RMB per transaction,synthetic_plan
2026-09,budget,TOP_TOY,global,TOP TOY - Global,volume,1.426359,million transactions,calculated
2026-10,budget,TOP_TOY,global,TOP TOY - Global,revenue,222.211688,RMB millions,synthetic_plan
2026-10,budget,TOP_TOY,global,TOP TOY - Global,gross_profit,106.661610,RMB millions,synthetic_plan
2026-10,budget,TOP_TOY,global,TOP TOY - Global,cost_of_sales,115.550078,RMB millions,synthetic_plan
2026-10,budget,TOP_TOY,global,TOP TOY - Global,operating_expense,73.329857,RMB millions,synthetic_plan
2026-10,budget,TOP_TOY,global,TOP TOY - Global,operating_profit,33.331753,RMB millions,synthetic_plan
2026-10,budget,TOP_TOY,global,TOP TOY - Global,average_ticket,185.000000,RMB per transaction,synthetic_plan
2026-10,budget,TOP_TOY,global,TOP TOY - Global,volume,1.201144,million transactions,calculated
2026-11,budget,TOP_TOY,global,TOP TOY - Global,revenue,236.099919,RMB millions,synthetic_plan
2026-11,budget,TOP_TOY,global,TOP TOY - Global,gross_profit,113.327961,RMB millions,synthetic_plan
2026-11,budget,TOP_TOY,global,TOP TOY - Global,cost_of_sales,122.771958,RMB millions,synthetic_plan
2026-11,budget,TOP_TOY,global,TOP TOY - Global,operating_expense,77.912973,RMB millions,synthetic_plan
2026-11,budget,TOP_TOY,global,TOP TOY - Global,operating_profit,35.414988,RMB millions,synthetic_plan
2026-11,budget,TOP_TOY,global,TOP TOY - Global,average_ticket,185.000000,RMB per transaction,synthetic_plan
2026-11,budget,TOP_TOY,global,TOP TOY - Global,volume,1.276216,million transactions,calculated
2026-12,budget,TOP_TOY,global,TOP TOY - Global,revenue,277.764610,RMB millions,synthetic_plan
2026-12,budget,TOP_TOY,global,TOP TOY - Global,gross_profit,133.327013,RMB millions,synthetic_plan
2026-12,budget,TOP_TOY,global,TOP TOY - Global,cost_of_sales,144.437597,RMB millions,synthetic_plan
2026-12,budget,TOP_TOY,global,TOP TOY - Global,operating_expense,91.662321,RMB millions,synthetic_plan
2026-12,budget,TOP_TOY,global,TOP TOY - Global,operating_profit,41.664692,RMB millions,synthetic_plan
2026-12,budget,TOP_TOY,global,TOP TOY - Global,average_ticket,185.000000,RMB per transaction,synthetic_plan
2026-12,budget,TOP_TOY,global,TOP TOY - Global,volume,1.501430,million transactions,calculated
2026-01,forecast,TOP_TOY,global,TOP TOY - Global,revenue,153.846563,RMB millions,calculated
2026-01,forecast,TOP_TOY,global,TOP TOY - Global,gross_profit,74.947313,RMB millions,calculated
2026-01,forecast,TOP_TOY,global,TOP TOY - Global,cost_of_sales,78.899250,RMB millions,calculated
2026-01,forecast,TOP_TOY,global,TOP TOY - Global,operating_expense,48.331779,RMB millions,calculated
2026-01,forecast,TOP_TOY,global,TOP TOY - Global,operating_profit,26.615533,RMB millions,calculated
2026-01,forecast,TOP_TOY,global,TOP TOY - Global,average_ticket,177.970000,RMB per transaction,calculated
2026-01,forecast,TOP_TOY,global,TOP TOY - Global,volume,0.864452,million transactions,calculated
2026-02,forecast,TOP_TOY,global,TOP TOY - Global,revenue,133.333688,RMB millions,calculated
2026-02,forecast,TOP_TOY,global,TOP TOY - Global,gross_profit,64.954338,RMB millions,calculated
2026-02,forecast,TOP_TOY,global,TOP TOY - Global,cost_of_sales,68.379350,RMB millions,calculated
2026-02,forecast,TOP_TOY,global,TOP TOY - Global,operating_expense,41.887542,RMB millions,calculated
2026-02,forecast,TOP_TOY,global,TOP TOY - Global,operating_profit,23.066796,RMB millions,calculated
2026-02,forecast,TOP_TOY,global,TOP TOY - Global,average_ticket,177.970000,RMB per transaction,calculated
2026-02,forecast,TOP_TOY,global,TOP TOY - Global,volume,0.749192,million transactions,calculated
2026-03,forecast,TOP_TOY,global,TOP TOY - Global,revenue,164.103000,RMB millions,calculated
2026-03,forecast,TOP_TOY,global,TOP TOY - Global,gross_profit,79.943800,RMB millions,calculated
2026-03,forecast,TOP_TOY,global,TOP TOY - Global,cost_of_sales,84.159200,RMB millions,calculated
2026-03,forecast,TOP_TOY,global,TOP TOY - Global,operating_expense,51.553898,RMB millions,calculated
2026-03,forecast,TOP_TOY,global,TOP TOY - Global,operating_profit,28.389902,RMB millions,calculated
2026-03,forecast,TOP_TOY,global,TOP TOY - Global,average_ticket,177.970000,RMB per transaction,calculated
2026-03,forecast,TOP_TOY,global,TOP TOY - Global,volume,0.922082,million transactions,calculated
2026-04,forecast,TOP_TOY,global,TOP TOY - Global,revenue,164.103000,RMB millions,calculated
2026-04,forecast,TOP_TOY,global,TOP TOY - Global,gross_profit,79.943800,RMB millions,calculated
2026-04,forecast,TOP_TOY,global,TOP TOY - Global,cost_of_sales,84.159200,RMB millions,calculated
2026-04,forecast,TOP_TOY,global,TOP TOY - Global,operating_expense,51.553898,RMB millions,calculated
2026-04,forecast,TOP_TOY,global,TOP TOY - Global,operating_profit,28.389902,RMB millions,calculated
2026-04,forecast,TOP_TOY,global,TOP TOY - Global,average_ticket,177.970000,RMB per transaction,calculated
2026-04,forecast,TOP_TOY,global,TOP TOY - Global,volume,0.922082,million transactions,calculated
2026-05,forecast,TOP_TOY,global,TOP TOY - Global,revenue,174.359438,RMB millions,calculated
2026-05,forecast,TOP_TOY,global,TOP TOY - Global,gross_profit,84.940288,RMB millions,calculated
2026-05,forecast,TOP_TOY,global,TOP TOY - Global,cost_of_sales,89.419150,RMB millions,calculated
2026-05,forecast,TOP_TOY,global,TOP TOY - Global,operating_expense,54.776017,RMB millions,calculated
2026-05,forecast,TOP_TOY,global,TOP TOY - Global,operating_profit,30.164271,RMB millions,calculated
2026-05,forecast,TOP_TOY,global,TOP TOY - Global,average_ticket,177.970000,RMB per transaction,calculated
2026-05,forecast,TOP_TOY,global,TOP TOY - Global,volume,0.979713,million transactions,calculated
2026-06,forecast,TOP_TOY,global,TOP TOY - Global,revenue,194.872313,RMB millions,calculated
2026-06,forecast,TOP_TOY,global,TOP TOY - Global,gross_profit,94.933263,RMB millions,calculated
2026-06,forecast,TOP_TOY,global,TOP TOY - Global,cost_of_sales,99.939050,RMB millions,calculated
2026-06,forecast,TOP_TOY,global,TOP TOY - Global,operating_expense,61.220254,RMB millions,calculated
2026-06,forecast,TOP_TOY,global,TOP TOY - Global,operating_profit,33.713009,RMB millions,calculated
2026-06,forecast,TOP_TOY,global,TOP TOY - Global,average_ticket,177.970000,RMB per transaction,calculated
2026-06,forecast,TOP_TOY,global,TOP TOY - Global,volume,1.094973,million transactions,calculated
2026-07,forecast,TOP_TOY,global,TOP TOY - Global,revenue,204.434753,RMB millions,synthetic_plan
2026-07,forecast,TOP_TOY,global,TOP TOY - Global,gross_profit,98.128681,RMB millions,synthetic_plan
2026-07,forecast,TOP_TOY,global,TOP TOY - Global,cost_of_sales,106.306072,RMB millions,synthetic_plan
2026-07,forecast,TOP_TOY,global,TOP TOY - Global,operating_expense,67.463468,RMB millions,synthetic_plan
2026-07,forecast,TOP_TOY,global,TOP TOY - Global,operating_profit,30.665213,RMB millions,synthetic_plan
2026-07,forecast,TOP_TOY,global,TOP TOY - Global,average_ticket,185.000000,RMB per transaction,synthetic_plan
2026-07,forecast,TOP_TOY,global,TOP TOY - Global,volume,1.105053,million transactions,calculated
2026-08,forecast,TOP_TOY,global,TOP TOY - Global,revenue,204.434753,RMB millions,synthetic_plan
2026-08,forecast,TOP_TOY,global,TOP TOY - Global,gross_profit,98.128681,RMB millions,synthetic_plan
2026-08,forecast,TOP_TOY,global,TOP TOY - Global,cost_of_sales,106.306072,RMB millions,synthetic_plan
2026-08,forecast,TOP_TOY,global,TOP TOY - Global,operating_expense,67.463468,RMB millions,synthetic_plan
2026-08,forecast,TOP_TOY,global,TOP TOY - Global,operating_profit,30.665213,RMB millions,synthetic_plan
2026-08,forecast,TOP_TOY,global,TOP TOY - Global,average_ticket,185.000000,RMB per transaction,synthetic_plan
2026-08,forecast,TOP_TOY,global,TOP TOY - Global,volume,1.105053,million transactions,calculated
2026-09,forecast,TOP_TOY,global,TOP TOY - Global,revenue,242.766269,RMB millions,synthetic_plan
2026-09,forecast,TOP_TOY,global,TOP TOY - Global,gross_profit,116.527809,RMB millions,synthetic_plan
2026-09,forecast,TOP_TOY,global,TOP TOY - Global,cost_of_sales,126.238460,RMB millions,synthetic_plan
2026-09,forecast,TOP_TOY,global,TOP TOY - Global,operating_expense,80.112869,RMB millions,synthetic_plan
2026-09,forecast,TOP_TOY,global,TOP TOY - Global,operating_profit,36.414940,RMB millions,synthetic_plan
2026-09,forecast,TOP_TOY,global,TOP TOY - Global,average_ticket,185.000000,RMB per transaction,synthetic_plan
2026-09,forecast,TOP_TOY,global,TOP TOY - Global,volume,1.312250,million transactions,calculated
2026-10,forecast,TOP_TOY,global,TOP TOY - Global,revenue,204.434753,RMB millions,synthetic_plan
2026-10,forecast,TOP_TOY,global,TOP TOY - Global,gross_profit,98.128681,RMB millions,synthetic_plan
2026-10,forecast,TOP_TOY,global,TOP TOY - Global,cost_of_sales,106.306072,RMB millions,synthetic_plan
2026-10,forecast,TOP_TOY,global,TOP TOY - Global,operating_expense,67.463468,RMB millions,synthetic_plan
2026-10,forecast,TOP_TOY,global,TOP TOY - Global,operating_profit,30.665213,RMB millions,synthetic_plan
2026-10,forecast,TOP_TOY,global,TOP TOY - Global,average_ticket,185.000000,RMB per transaction,synthetic_plan
2026-10,forecast,TOP_TOY,global,TOP TOY - Global,volume,1.105053,million transactions,calculated
2026-11,forecast,TOP_TOY,global,TOP TOY - Global,revenue,217.211925,RMB millions,synthetic_plan
2026-11,forecast,TOP_TOY,global,TOP TOY - Global,gross_profit,104.261724,RMB millions,synthetic_plan
2026-11,forecast,TOP_TOY,global,TOP TOY - Global,cost_of_sales,112.950201,RMB millions,synthetic_plan
2026-11,forecast,TOP_TOY,global,TOP TOY - Global,operating_expense,71.679935,RMB millions,synthetic_plan
2026-11,forecast,TOP_TOY,global,TOP TOY - Global,operating_profit,32.581789,RMB millions,synthetic_plan
2026-11,forecast,TOP_TOY,global,TOP TOY - Global,average_ticket,185.000000,RMB per transaction,synthetic_plan
2026-11,forecast,TOP_TOY,global,TOP TOY - Global,volume,1.174119,million transactions,calculated
2026-12,forecast,TOP_TOY,global,TOP TOY - Global,revenue,255.543441,RMB millions,synthetic_plan
2026-12,forecast,TOP_TOY,global,TOP TOY - Global,gross_profit,122.660852,RMB millions,synthetic_plan
2026-12,forecast,TOP_TOY,global,TOP TOY - Global,cost_of_sales,132.882589,RMB millions,synthetic_plan
2026-12,forecast,TOP_TOY,global,TOP TOY - Global,operating_expense,84.329336,RMB millions,synthetic_plan
2026-12,forecast,TOP_TOY,global,TOP TOY - Global,operating_profit,38.331516,RMB millions,synthetic_plan
2026-12,forecast,TOP_TOY,global,TOP TOY - Global,average_ticket,185.000000,RMB per transaction,synthetic_plan
2026-12,forecast,TOP_TOY,global,TOP TOY - Global,volume,1.381316,million transactions,calculated
2026-01,prior_year,TOP_TOY,global,TOP TOY - Global,revenue,115.946563,RMB millions,synthetic_allocation
2026-01,prior_year,TOP_TOY,global,TOP TOY - Global,gross_profit,56.377984,RMB millions,synthetic_allocation
2026-01,prior_year,TOP_TOY,global,TOP TOY - Global,cost_of_sales,59.568579,RMB millions,synthetic_allocation
2026-01,prior_year,TOP_TOY,global,TOP TOY - Global,operating_expense,33.280425,RMB millions,synthetic_allocation
2026-01,prior_year,TOP_TOY,global,TOP TOY - Global,operating_profit,23.097559,RMB millions,synthetic_allocation
2026-01,prior_year,TOP_TOY,global,TOP TOY - Global,average_ticket,175.750000,RMB per transaction,synthetic_allocation
2026-01,prior_year,TOP_TOY,global,TOP TOY - Global,volume,0.659724,million transactions,calculated
2026-02,prior_year,TOP_TOY,global,TOP TOY - Global,revenue,100.487021,RMB millions,synthetic_allocation
2026-02,prior_year,TOP_TOY,global,TOP TOY - Global,gross_profit,48.860919,RMB millions,synthetic_allocation
2026-02,prior_year,TOP_TOY,global,TOP TOY - Global,cost_of_sales,51.626102,RMB millions,synthetic_allocation
2026-02,prior_year,TOP_TOY,global,TOP TOY - Global,operating_expense,28.843035,RMB millions,synthetic_allocation
2026-02,prior_year,TOP_TOY,global,TOP TOY - Global,operating_profit,20.017884,RMB millions,synthetic_allocation
2026-02,prior_year,TOP_TOY,global,TOP TOY - Global,average_ticket,175.750000,RMB per transaction,synthetic_allocation
2026-02,prior_year,TOP_TOY,global,TOP TOY - Global,volume,0.571761,million transactions,calculated
2026-03,prior_year,TOP_TOY,global,TOP TOY - Global,revenue,123.676333,RMB millions,synthetic_allocation
2026-03,prior_year,TOP_TOY,global,TOP TOY - Global,gross_profit,60.136516,RMB millions,synthetic_allocation
2026-03,prior_year,TOP_TOY,global,TOP TOY - Global,cost_of_sales,63.539818,RMB millions,synthetic_allocation
2026-03,prior_year,TOP_TOY,global,TOP TOY - Global,operating_expense,35.499120,RMB millions,synthetic_allocation
2026-03,prior_year,TOP_TOY,global,TOP TOY - Global,operating_profit,24.637396,RMB millions,synthetic_allocation
2026-03,prior_year,TOP_TOY,global,TOP TOY - Global,average_ticket,175.750000,RMB per transaction,synthetic_allocation
2026-03,prior_year,TOP_TOY,global,TOP TOY - Global,volume,0.703706,million transactions,calculated
2026-04,prior_year,TOP_TOY,global,TOP TOY - Global,revenue,123.676333,RMB millions,synthetic_allocation
2026-04,prior_year,TOP_TOY,global,TOP TOY - Global,gross_profit,60.136516,RMB millions,synthetic_allocation
2026-04,prior_year,TOP_TOY,global,TOP TOY - Global,cost_of_sales,63.539818,RMB millions,synthetic_allocation
2026-04,prior_year,TOP_TOY,global,TOP TOY - Global,operating_expense,35.499120,RMB millions,synthetic_allocation
2026-04,prior_year,TOP_TOY,global,TOP TOY - Global,operating_profit,24.637396,RMB millions,synthetic_allocation
2026-04,prior_year,TOP_TOY,global,TOP TOY - Global,average_ticket,175.750000,RMB per transaction,synthetic_allocation
2026-04,prior_year,TOP_TOY,global,TOP TOY - Global,volume,0.703706,million transactions,calculated
2026-05,prior_year,TOP_TOY,global,TOP TOY - Global,revenue,131.406104,RMB millions,synthetic_allocation
2026-05,prior_year,TOP_TOY,global,TOP TOY - Global,gross_profit,63.895048,RMB millions,synthetic_allocation
2026-05,prior_year,TOP_TOY,global,TOP TOY - Global,cost_of_sales,67.511056,RMB millions,synthetic_allocation
2026-05,prior_year,TOP_TOY,global,TOP TOY - Global,operating_expense,37.717815,RMB millions,synthetic_allocation
2026-05,prior_year,TOP_TOY,global,TOP TOY - Global,operating_profit,26.177233,RMB millions,synthetic_allocation
2026-05,prior_year,TOP_TOY,global,TOP TOY - Global,average_ticket,175.750000,RMB per transaction,synthetic_allocation
2026-05,prior_year,TOP_TOY,global,TOP TOY - Global,volume,0.747688,million transactions,calculated
2026-06,prior_year,TOP_TOY,global,TOP TOY - Global,revenue,146.865646,RMB millions,synthetic_allocation
2026-06,prior_year,TOP_TOY,global,TOP TOY - Global,gross_profit,71.412112,RMB millions,synthetic_allocation
2026-06,prior_year,TOP_TOY,global,TOP TOY - Global,cost_of_sales,75.453533,RMB millions,synthetic_allocation
2026-06,prior_year,TOP_TOY,global,TOP TOY - Global,operating_expense,42.155205,RMB millions,synthetic_allocation
2026-06,prior_year,TOP_TOY,global,TOP TOY - Global,operating_profit,29.256907,RMB millions,synthetic_allocation
2026-06,prior_year,TOP_TOY,global,TOP TOY - Global,average_ticket,175.750000,RMB per transaction,synthetic_allocation
2026-06,prior_year,TOP_TOY,global,TOP TOY - Global,volume,0.835651,million transactions,calculated
2026-07,prior_year,TOP_TOY,global,TOP TOY - Global,revenue,180.547692,RMB millions,synthetic_allocation
2026-07,prior_year,TOP_TOY,global,TOP TOY - Global,gross_profit,89.664556,RMB millions,synthetic_allocation
2026-07,prior_year,TOP_TOY,global,TOP TOY - Global,cost_of_sales,90.883137,RMB millions,synthetic_allocation
2026-07,prior_year,TOP_TOY,global,TOP TOY - Global,operating_expense,57.889512,RMB millions,synthetic_allocation
2026-07,prior_year,TOP_TOY,global,TOP TOY - Global,operating_profit,31.775044,RMB millions,synthetic_allocation
2026-07,prior_year,TOP_TOY,global,TOP TOY - Global,average_ticket,175.750000,RMB per transaction,synthetic_allocation
2026-07,prior_year,TOP_TOY,global,TOP TOY - Global,volume,1.027298,million transactions,calculated
2026-08,prior_year,TOP_TOY,global,TOP TOY - Global,revenue,180.547692,RMB millions,synthetic_allocation
2026-08,prior_year,TOP_TOY,global,TOP TOY - Global,gross_profit,89.664556,RMB millions,synthetic_allocation
2026-08,prior_year,TOP_TOY,global,TOP TOY - Global,cost_of_sales,90.883137,RMB millions,synthetic_allocation
2026-08,prior_year,TOP_TOY,global,TOP TOY - Global,operating_expense,57.889512,RMB millions,synthetic_allocation
2026-08,prior_year,TOP_TOY,global,TOP TOY - Global,operating_profit,31.775044,RMB millions,synthetic_allocation
2026-08,prior_year,TOP_TOY,global,TOP TOY - Global,average_ticket,175.750000,RMB per transaction,synthetic_allocation
2026-08,prior_year,TOP_TOY,global,TOP TOY - Global,volume,1.027298,million transactions,calculated
2026-09,prior_year,TOP_TOY,global,TOP TOY - Global,revenue,214.400385,RMB millions,synthetic_allocation
2026-09,prior_year,TOP_TOY,global,TOP TOY - Global,gross_profit,106.476660,RMB millions,synthetic_allocation
2026-09,prior_year,TOP_TOY,global,TOP TOY - Global,cost_of_sales,107.923725,RMB millions,synthetic_allocation
2026-09,prior_year,TOP_TOY,global,TOP TOY - Global,operating_expense,68.743795,RMB millions,synthetic_allocation
2026-09,prior_year,TOP_TOY,global,TOP TOY - Global,operating_profit,37.732865,RMB millions,synthetic_allocation
2026-09,prior_year,TOP_TOY,global,TOP TOY - Global,average_ticket,175.750000,RMB per transaction,synthetic_allocation
2026-09,prior_year,TOP_TOY,global,TOP TOY - Global,volume,1.219917,million transactions,calculated
2026-10,prior_year,TOP_TOY,global,TOP TOY - Global,revenue,180.547692,RMB millions,synthetic_allocation
2026-10,prior_year,TOP_TOY,global,TOP TOY - Global,gross_profit,89.664556,RMB millions,synthetic_allocation
2026-10,prior_year,TOP_TOY,global,TOP TOY - Global,cost_of_sales,90.883137,RMB millions,synthetic_allocation
2026-10,prior_year,TOP_TOY,global,TOP TOY - Global,operating_expense,57.889512,RMB millions,synthetic_allocation
2026-10,prior_year,TOP_TOY,global,TOP TOY - Global,operating_profit,31.775044,RMB millions,synthetic_allocation
2026-10,prior_year,TOP_TOY,global,TOP TOY - Global,average_ticket,175.750000,RMB per transaction,synthetic_allocation
2026-10,prior_year,TOP_TOY,global,TOP TOY - Global,volume,1.027298,million transactions,calculated
2026-11,prior_year,TOP_TOY,global,TOP TOY - Global,revenue,191.831923,RMB millions,synthetic_allocation
2026-11,prior_year,TOP_TOY,global,TOP TOY - Global,gross_profit,95.268590,RMB millions,synthetic_allocation
2026-11,prior_year,TOP_TOY,global,TOP TOY - Global,cost_of_sales,96.563333,RMB millions,synthetic_allocation
2026-11,prior_year,TOP_TOY,global,TOP TOY - Global,operating_expense,61.507606,RMB millions,synthetic_allocation
2026-11,prior_year,TOP_TOY,global,TOP TOY - Global,operating_profit,33.760984,RMB millions,synthetic_allocation
2026-11,prior_year,TOP_TOY,global,TOP TOY - Global,average_ticket,175.750000,RMB per transaction,synthetic_allocation
2026-11,prior_year,TOP_TOY,global,TOP TOY - Global,volume,1.091505,million transactions,calculated
2026-12,prior_year,TOP_TOY,global,TOP TOY - Global,revenue,225.684615,RMB millions,synthetic_allocation
2026-12,prior_year,TOP_TOY,global,TOP TOY - Global,gross_profit,112.080694,RMB millions,synthetic_allocation
2026-12,prior_year,TOP_TOY,global,TOP TOY - Global,cost_of_sales,113.603921,RMB millions,synthetic_allocation
2026-12,prior_year,TOP_TOY,global,TOP TOY - Global,operating_expense,72.361889,RMB millions,synthetic_allocation
2026-12,prior_year,TOP_TOY,global,TOP TOY - Global,operating_profit,39.718805,RMB millions,synthetic_allocation
2026-12,prior_year,TOP_TOY,global,TOP TOY - Global,average_ticket,175.750000,RMB per transaction,synthetic_allocation
2026-12,prior_year,TOP_TOY,global,TOP TOY - Global,volume,1.284123,million transactions,calculated
